"entrez","symbol","ensembl","gene_type","baseMean","l2fc_raw","l2fc_shrunk","lfcSE","pvalue","padj","direction"
"723961","INS-IGF2","ENSG00000129965","protein-coding",1382.69380867534,5.37313655023172,5.30006733146612,0.44717648050374,2.93885514826304e-33,2.96759062082383e-30,"up"
"6672","SP100","ENSG00000067066","protein-coding",397.90248010133,5.77890688804423,5.69204395329069,0.516161600876314,4.2692009693618e-29,2.83891451777269e-26,"up"
"255130","IGFBP7-AS1","ENSG00000245067","ncRNA",823.293373308764,6.17529544002142,6.04726482241725,0.62982477522098,1.07377226190765e-22,3.52714782513857e-20,"up"
"54885","TBC1D8B","ENSG00000133138","protein-coding",338.065672226775,3.91121544501563,3.80933535471114,0.456169753493824,9.99210162619592e-18,2.06382317224701e-15,"up"
"101927131","LOC101927131","ENSG00000262999","ncRNA",73.0708241398705,-3.50796108229323,-3.39052846813127,0.457887937887292,1.84235028989765e-14,2.87027647450112e-12,"down"
"100616414","MIR4761","ENSG00000284031","ncRNA",31.4049356594747,-5.01933060614276,-4.84150038668373,0.665854024521939,4.76558656038651e-14,7.02318659364204e-12,"down"
"8942","KYNU","ENSG00000115919","protein-coding",86.882230917654,4.74640088081121,4.56844255205212,0.64879498888616,2.56009666866131e-13,3.4899237787191e-11,"up"
"4055","LTBR","ENSG00000111321","protein-coding",91.8925829578153,5.19503213590313,5.00129410518739,0.730702547901827,1.16345944689874e-12,1.40356452921448e-10,"up"
"102723920","LINC02515","ENSG00000250620","ncRNA",167.606095049618,10.2024795300169,10.6259970913899,1.47944673924246,5.34325825098938e-12,5.80392800617428e-10,"up"
"2152","F3","ENSG00000117525","protein-coding",552.621325492501,2.0728358528912,1.99621392206318,0.301532152985285,6.2275611333194e-12,6.6583618328949e-10,"up"
"105379695","IER3-AS1","ENSG00000272273","ncRNA",416.150209475354,2.08848815130553,2.00218244976952,0.319560235427237,6.3394422488409e-11,5.68547873264468e-09,"up"
"144571","A2M-AS1","ENSG00000245105","ncRNA",493.31029268139,2.45227262334439,2.34290338273255,0.381712034261243,1.32386484703403e-10,1.14948570667312e-08,"up"
"9823","ARMCX2","ENSG00000184867","protein-coding",5077.9162875724,1.68496293725817,1.6169280828955,0.26551843034849,2.21077288069462e-10,1.90140415833622e-08,"up"
"105379057","EDIL3-DT","ENSG00000250320","ncRNA",238.526192558488,2.31549287652537,2.21006213330264,0.366333780081175,2.60349108508557e-10,2.20439692371966e-08,"up"
"3939","LDHA","ENSG00000134333","protein-coding",4559.83478514747,1.7873449031696,1.70954076367222,0.288739949547345,6.01052661389823e-10,4.78142055639312e-08,"up"
"94121","SYTL4","ENSG00000102362","protein-coding",548.383914435001,2.38536833450912,2.27080667459296,0.387945590853242,7.81113367942318e-10,6.11961921367223e-08,"up"
"266722","HS6ST3","ENSG00000185352","protein-coding",220.903144931351,-2.14142114251446,-2.03373494672661,0.357634140124306,2.12773558916866e-09,1.53467151066387e-07,"down"
"51206","GP6","ENSG00000088053","protein-coding",52.6444481196316,-3.71906116580239,-3.51087353212525,0.621705905601874,2.20378486469946e-09,1.58532956599383e-07,"down"
"100287314","LINC00941","ENSG00000285517","ncRNA",64.8215403556673,3.05327863911409,2.88818918083673,0.51337869043694,2.72401991998894e-09,1.9290306259371e-07,"up"
"26280","IL1RAPL2","ENSG00000189108","protein-coding",54.454611035917,4.10956053846724,3.87185443126954,0.699137319856872,4.15140397152603e-09,2.84381602712778e-07,"up"
"23305","ACSL6","ENSG00000164398","protein-coding",117.000653096387,-2.60918729443129,-2.46438298040917,0.446204226001357,4.98961515056798e-09,3.37762796909112e-07,"down"
"101927879","LOC101927879","ENSG00000283458","ncRNA",17.3368686343405,-4.92395036078205,-4.61736417057311,0.859945387372756,1.02894522315474e-08,6.61631192549313e-07,"down"
"102723446","LOC102723446","ENSG00000237471","ncRNA",54.6036540811565,8.58343212725859,8.71869281357264,1.50198838120055,1.09889499960706e-08,7.04947606336164e-07,"up"
"285505","GASK1B-AS1","ENSG00000248429","ncRNA",130.618592562118,2.90356760080014,2.72374330541242,0.51524182227015,1.7470394374489e-08,1.0866646791031e-06,"up"
"2917","GRM7","ENSG00000196277","protein-coding",173.420551232837,-1.87539813680517,-1.77297766550963,0.333300879396122,1.83644827641014e-08,1.13278112687887e-06,"down"
"3685","ITGAV","ENSG00000138448","protein-coding",7162.34939049572,1.77839419856756,1.68936996832646,0.317402154370738,2.10711814128512e-08,1.28808226466362e-06,"up"
"440173","LINC02893","ENSG00000269994","ncRNA",405.688433450178,2.07662837911808,1.95834312661028,0.371035066168614,2.18278798314915e-08,1.32247847939063e-06,"up"
"140469","MYO3B","ENSG00000071909","protein-coding",57.9637572083944,2.90661641963596,2.72802359854242,0.52258759212353,2.66746419596013e-08,1.59137295051766e-06,"up"
"3556","IL1RAP","ENSG00000196083","protein-coding",278.051874131453,1.92586435552981,1.81746221177622,0.347275342939538,2.9287932296614e-08,1.72463539122005e-06,"up"
"54716","SLC6A20","ENSG00000163817","protein-coding",101.183205883028,3.42600024383758,3.20123014158872,0.61974729088729,3.23791217645193e-08,1.8862914012561e-06,"up"
"724033","MIR663A","ENSG00000284419","ncRNA",134.068017090226,-3.79400331580858,-3.54034474457924,0.689708888600721,3.77908168910123e-08,2.1691133299296e-06,"down"
"100132288","TEKT4P2","ENSG00000291050","pseudo",44.3764244754825,5.23856483609479,4.88453341028607,0.965794152272687,5.82470064048856e-08,3.21466879073441e-06,"up"
"445347","TARP","ENSG00000289746","protein-coding",66.6219065779375,4.93734498227588,4.59934412105756,0.913923286403294,6.57688316976427e-08,3.58624285480906e-06,"up"
"3106","HLA-B","ENSG00000234745","protein-coding",1326.18206292958,3.88203938910472,3.60529143087029,0.720673950704553,7.17713635702732e-08,3.88248900075383e-06,"up"
"10333","TLR6","ENSG00000174130","protein-coding",79.0955841306135,2.49528396931682,2.33237221558334,0.463320498071959,7.2181635618177e-08,3.89695071979005e-06,"up"
"5698","PSMB9","ENSG00000240065","protein-coding",59.1661450302568,5.18294529546238,4.80873772388986,0.963521248163075,7.48297201555807e-08,4.02397927085158e-06,"up"
"5613","PRKX","ENSG00000183943","protein-coding",2469.42444610764,-1.50858006876047,-1.42448480177296,0.283690641606096,1.05090517032205e-07,5.52059317218889e-06,"down"
"101928752","LINC01043","ENSG00000260343","ncRNA",256.953909118531,-4.65960383998211,-4.31546679316439,0.882122306551755,1.27596408640007e-07,6.56375185879462e-06,"down"
"103611157","TGFB2-OT1","ENSG00000281453","ncRNA",118.530869524342,3.60275830167402,3.34870883378542,0.684142679702162,1.39358455627088e-07,7.10181109199425e-06,"up"
"441151","TMEM151B","ENSG00000178233","protein-coding",1198.07487768638,-2.18292450403906,-2.03535652725133,0.417681628116361,1.72946854784526e-07,8.66768942802447e-06,"down"
"105370109","LOC105370109","ENSG00000262198","ncRNA",464.297382454678,2.38530343068807,2.21478844595504,0.463136264947529,2.60032029868323e-07,1.2750923133687e-05,"up"
"2239","GPC4","ENSG00000076716","protein-coding",11341.4002505619,1.52294857610891,1.43587019813992,0.295904283050606,2.6502286120402e-07,1.29723218812682e-05,"up"
"343052","LOC343052","ENSG00000291199","pseudo",49.9145893663372,-4.04168007695941,-3.72680258618223,0.789165626715971,3.03179287891384e-07,1.46298762921605e-05,"down"
"80854","SETD7","ENSG00000145391","protein-coding",1796.81986501789,1.51885239169018,1.4280150917479,0.296627799433835,3.04891489202136e-07,1.46865045258075e-05,"up"
"79710","MORC4","ENSG00000133131","protein-coding",1545.42076258083,1.65649085161732,1.55228386009336,0.324408353288266,3.28718308671221e-07,1.57507486249775e-05,"up"
"101928599","LINC02301","ENSG00000258743","ncRNA",36.7082470261468,8.01522009761113,7.9659709960842,1.57214678858555,3.42781708446063e-07,1.63384624109676e-05,"up"
"400765","MIR137HG","ENSG00000225206","ncRNA",173.033215254588,-2.04037181860989,-1.89945932770764,0.400441735717403,3.48184648464727e-07,1.65381642086103e-05,"down"
"3476","IGBP1","ENSG00000089289","protein-coding",2066.81214272211,1.53228739014981,1.43832376338524,0.301936212928321,3.87758572697457e-07,1.82273271138336e-05,"up"
"100507500","EGFR-AS1","ENSG00000224057","ncRNA",78.7257637139382,3.04319461040216,2.80915987797933,0.603505056308189,4.5940771129107e-07,2.13015167357819e-05,"up"
"840","CASP7","ENSG00000165806","protein-coding",911.849126097934,1.81220849915946,1.69078844356291,0.360087543725553,4.83648243346644e-07,2.23116509417985e-05,"up"
"100130701","LRRC58-DT","ENSG00000293512","ncRNA",623.045431332431,2.00863298388556,1.86637137473064,0.399649593044088,5.00854228671245e-07,2.29887031826478e-05,"up"
"163782","KANK4","ENSG00000132854","protein-coding",97.1986801447433,2.30670563411341,2.13600818093255,0.460231601901937,5.38520900316157e-07,2.45112417799995e-05,"up"
"5629","PROX1","ENSG00000117707","protein-coding",447.331502245741,1.58959578400687,1.48750337472341,0.317492255043794,5.53645040157042e-07,2.50740504565475e-05,"up"
"6915","TBXA2R","ENSG00000006638","protein-coding",72.8952037916357,4.31266795847259,3.93371588766514,0.861902327647927,5.62513399892171e-07,2.54334416826868e-05,"up"
"79651","RHBDF2","ENSG00000129667","protein-coding",256.55094343927,3.54515706848197,3.2476275616918,0.709387110531832,5.80804679029404e-07,2.60874114811494e-05,"up"
"9124","PDLIM1","ENSG00000107438","protein-coding",845.719841248845,1.98267185359039,1.84124248312001,0.396942863753061,5.88801384114951e-07,2.64030936455757e-05,"up"
"3294","HSD17B2","ENSG00000086696","protein-coding",52.2253398352239,4.12612175478363,3.78942624012111,0.82785901800821,6.22549155386827e-07,2.7682873477558e-05,"up"
"22936","ELL2","ENSG00000118985","protein-coding",568.500755409679,1.57565850262573,1.47357338452711,0.316180307936117,6.24709327189687e-07,2.76944310512189e-05,"up"
"100507582","BHLHE40-AS1","ENSG00000235831","ncRNA",32.3654761501521,4.46292235106557,4.11798927417245,0.896701974446946,6.45637021047904e-07,2.85294128717181e-05,"up"
"100506433","LINC00648","ENSG00000259129","ncRNA",296.244300361883,2.94650176279424,2.70879994874008,0.592087520747109,6.47565780254391e-07,2.85683388881161e-05,"up"
"54947","LPCAT2","ENSG00000087253","protein-coding",359.536523085892,1.79243481613894,1.66896913793447,0.360245647490507,6.50490387978525e-07,2.86047902223331e-05,"up"
"55337","SHFL","ENSG00000130813","protein-coding",122.919814369672,3.34962327309103,3.06870375563978,0.673834262879988,6.6611941292078e-07,2.92448948049471e-05,"up"
"101928100","KLRK1-AS1","ENSG00000245648","ncRNA",31.6415708702154,4.74860264140527,4.3655186172324,0.957466318379533,7.06564473038893e-07,3.07237221577869e-05,"up"
"285708","LINC00491","ENSG00000250682","ncRNA",106.850491469053,2.00812088375017,1.86370778224255,0.405032993298068,7.12521559485255e-07,3.0884241331965e-05,"up"
"100130148","MAPT-IT1","ENSG00000279685","ncRNA",60.0271837725075,-2.50609265216108,-2.31076890064993,0.506656940491714,7.56255377948293e-07,3.25727434824364e-05,"down"
"105377602","LINC02514","ENSG00000250042","ncRNA",25.5150029078196,7.48660970068247,7.37299295967581,1.51651365651932,7.94456872978306e-07,3.38968265804077e-05,"up"
"7098","TLR3","ENSG00000164342","protein-coding",83.3877116334583,3.62534036176054,3.32873739742176,0.735083208499519,8.14429745199884e-07,3.45866239456848e-05,"up"
"7414","VCL","ENSG00000035403","protein-coding",21963.5847873758,1.60200756305503,1.49345794553841,0.328552019635015,1.08278784857306e-06,4.52084653958588e-05,"up"
"107984242","LOC107984242","ENSG00000298084","ncRNA",51.1268981682134,7.06921583778647,6.49505686254391,1.45419039254625,1.16633538639528e-06,4.81504219646642e-05,"up"
"100652759","PRICKLE2-AS1","ENSG00000241111","ncRNA",302.703891985047,1.83932946812395,1.70496653808751,0.378484030865244,1.17547098167661e-06,4.8337919825688e-05,"up"
"10553","HTATIP2","ENSG00000109854","protein-coding",237.627250479848,1.64414526252345,1.52898975712074,0.338604934302591,1.1999567681735e-06,4.90489075374548e-05,"up"
"5366","PMAIP1","ENSG00000141682","protein-coding",943.622110085041,1.71882848728789,1.59513213844428,0.354910027515044,1.27894696553801e-06,5.21994162701024e-05,"up"
"9177","HTR3B","ENSG00000149305","protein-coding",10.9567695375077,-6.12126078207498,-5.576528169637,1.26809643080787,1.38517746985854e-06,5.58660925121644e-05,"down"
"6817","SULT1A1","ENSG00000196502","protein-coding",299.684565734345,1.62995391981452,1.51479572638603,0.33769238149579,1.38784892322079e-06,5.58911566361767e-05,"up"
"3875","KRT18","ENSG00000111057","protein-coding",1664.14949677397,1.99379748349693,1.84064784311806,0.413230622115726,1.40071735670718e-06,5.63261917599771e-05,"up"
"10537","UBD","ENSG00000213886","protein-coding",60.823297767025,3.21530281650623,2.93343517228785,0.671446412903976,1.67930768437084e-06,6.60164423042377e-05,"up"
"5662","PSD","ENSG00000059915","protein-coding",509.743147369066,-2.13327480419287,-1.96196396983333,0.446636991484148,1.78544911123911e-06,6.9537371043099e-05,"down"
"100505806","SNHG18","ENSG00000250786","ncRNA",268.33311532212,2.02614777338546,1.86615487465028,0.425418986123991,1.91009106676831e-06,7.38676919778314e-05,"up"
"59285","CACNG6","ENSG00000130433","protein-coding",49.7369309060191,-2.78512009169236,-2.54184070585472,0.587103776864329,2.0971560014224e-06,8.01919512240958e-05,"down"
"25903","OLFML2B","ENSG00000162745","protein-coding",771.488017729221,1.79041103041757,1.65379711271159,0.377642820019203,2.12648085033806e-06,8.1199403226354e-05,"up"
"26577","PCOLCE2","ENSG00000163710","protein-coding",68.1374139178974,2.12339507698368,1.9514216952683,0.44952140278203,2.31615232177061e-06,8.74620178680801e-05,"up"
"100846978","LINC00506","ENSG00000281392","ncRNA",12.3647999878073,-4.40959122783106,-4.0002355907532,0.934294162498528,2.36188906599305e-06,8.89427396343017e-05,"down"
"151393","RMDN2","ENSG00000115841","protein-coding",820.840888939002,2.32744248811332,2.12810667075331,0.493990703769407,2.45887180419332e-06,9.1457954801537e-05,"up"
"6594","SMARCA1","ENSG00000102038","protein-coding",12888.4512219042,1.5532441541017,1.444136021142,0.330121953898824,2.53789216702835e-06,9.41402612814436e-05,"up"
"292","SLC25A5","ENSG00000005022","protein-coding",7373.41358728054,1.88864656873736,1.73857268622499,0.403308979715941,2.82875503482518e-06,0.000104220509823613,"up"
"54663","WDR74","ENSG00000133316","protein-coding",25456.7227288086,-2.50208042111045,-2.28188926729122,0.535338177985623,2.95631957874029e-06,0.000108334807788676,"down"
"6538","SLC6A11","ENSG00000132164","protein-coding",91.6818904564535,-1.90432681095964,-1.75151115057529,0.407538607303344,2.97190646960177e-06,0.000108759809378822,"down"
"399670","RPL13AP17","ENSG00000231322","pseudo",52.5238513993322,-2.11305729675064,-1.93118096829077,0.459026141121492,4.15751666932008e-06,0.000146258754157862,"down"
"53820","RIPPLY3","ENSG00000183145","protein-coding",793.13611927101,-1.74759876338317,-1.60616167460511,0.380916846441976,4.47781244511628e-06,0.000156516767312372,"down"
"26832","RNU5B-1","ENSG00000200156","snRNA",496.604612625223,-3.50285928562454,-3.1612266681964,0.764466039817164,4.60331255904665e-06,0.000160082542869704,"down"
"23742","NPAP1","ENSG00000185823","protein-coding",42.371200415783,-2.2394707451867,-2.04075386042711,0.4887102347197,4.59647203079215e-06,0.000160082542869704,"down"
"342892","ZNF850","ENSG00000267041","protein-coding",1668.1594788105,-1.6108876582204,-1.48506593303478,0.352033897251532,4.740756954817e-06,0.000164025377685445,"down"
"10382","TUBB4A","ENSG00000104833","protein-coding",783.888836571096,-1.99319948342735,-1.81971568149742,0.437650842868511,5.25567329969678e-06,0.00018023984508545,"down"
"7200","TRH","ENSG00000170893","protein-coding",2347.65159904648,-2.72080367264178,-2.46012096888159,0.597779426694167,5.32603028542274e-06,0.000181966027195195,"down"
"54550","NECAB2","ENSG00000103154","protein-coding",586.136857475604,-1.9063090791393,-1.74382775105421,0.418821547031459,5.32389229551733e-06,0.000181966027195195,"down"
"100130015","URAHP","ENSG00000290738","pseudo",64.8872870869806,-2.0263754958826,-1.84884721078805,0.446006779634598,5.53609668020948e-06,0.000188434631572074,"down"
"80760","ITIH5","ENSG00000123243","protein-coding",37.6739059271676,3.51801161277117,3.17725162795146,0.776249587720434,5.84105733272134e-06,0.000196605663110265,"up"
"90843","TCEAL8","ENSG00000180964","protein-coding",4128.84768722787,2.01517303784993,1.83786508996228,0.444674792036182,5.84858131677706e-06,0.000196616178817028,"up"
"196740","VSTM4","ENSG00000165633","protein-coding",443.491668344946,1.92738072854494,1.75956452017323,0.425423046687912,5.88431970063761e-06,0.00019757400531796,"up"
"53373","TPCN1","ENSG00000186815","protein-coding",1007.52865310979,1.51274022039036,1.39540174147491,0.334398083240956,6.0747563001481e-06,0.000202719896899924,"up"
"4952","OCRL","ENSG00000122126","protein-coding",4085.11345015686,1.57506245074517,1.44974460702399,0.349909849223211,6.75270683252772e-06,0.000223429367818004,"up"
"440503","PLIN5","ENSG00000214456","protein-coding",92.4110360180613,-2.72955957018064,-2.46195135037552,0.609761218432405,7.58979492203499e-06,0.000249011033398751,"down"
"100","ADA","ENSG00000196839","protein-coding",791.170132955375,1.67496002380906,1.53395546099871,0.375374493956326,8.11588246316105e-06,0.000264047039947044,"up"
"161145","TMEM229B","ENSG00000198133","protein-coding",52.0596106163829,-2.31994175179543,-2.09787152611992,0.522089805867132,8.84790189395732e-06,0.000285816584403853,"down"
"9643","MORF4L2","ENSG00000123562","protein-coding",14595.9089215346,1.5792984727137,1.44985978913033,0.355705178013508,8.99970989024983e-06,0.000289008351528588,"up"
"6855","SYP","ENSG00000102003","protein-coding",910.99898585454,-2.47443196429404,-2.23290703839131,0.55728811032568,8.99043220727855e-06,0.000289008351528588,"down"
"2182","ACSL4","ENSG00000068366","protein-coding",5497.14758649655,2.00615464106118,1.82215017908248,0.452662437599754,9.34063539460748e-06,0.000299251566860844,"up"
"255027","MPV17L","ENSG00000156968","protein-coding",315.20471973277,-2.33466278711295,-2.10837225649841,0.528195922570684,9.86690767990836e-06,0.00031389891596852,"down"
"958","CD40","ENSG00000101017","protein-coding",114.678116184604,1.92854751315346,1.74898469506602,0.437911571626352,1.06289787054895e-05,0.000334242762890964,"up"
"3767","KCNJ11","ENSG00000187486","protein-coding",131.221311467458,-2.95065346871801,-2.64567947106387,0.671228393784958,1.103142816796e-05,0.000344909240334015,"down"
"3306","HSPA2","ENSG00000126803","protein-coding",156.661782602008,1.82351873263906,1.65858641341458,0.414947938701883,1.10991041108457e-05,0.000346627691269298,"up"
"56936","CCDC177","ENSG00000267909","protein-coding",588.492918757422,-2.73791418604722,-2.45778450832344,0.623771710279183,1.13721958571701e-05,0.000353940123116307,"down"
"56829","ZC3HAV1","ENSG00000105939","protein-coding",2603.40488298294,1.72824637367571,1.57416470556049,0.394857752293215,1.20388288993124e-05,0.000371297094016802,"up"
"345062","PRSS48","ENSG00000189099","protein-coding",144.743531133581,-1.7173452331335,-1.56507776686906,0.392817716570771,1.23190832182828e-05,0.000379082940026256,"down"
"3642","INSM1","ENSG00000173404","protein-coding",1483.21043631527,-2.50777003044309,-2.25071799773914,0.576687488417735,1.3702362109002e-05,0.000416358867132396,"down"
"117247","SLC16A10","ENSG00000112394","protein-coding",91.1229748041368,-2.05597634487331,-1.85757506556215,0.47281749414893,1.3716506164353e-05,0.000416358867132396,"down"
"100129845","PCOLCE-AS1","ENSG00000224729","ncRNA",89.4261941909613,2.74252317744437,2.44346289267614,0.631254856953995,1.39556531356487e-05,0.000422294036726221,"up"
"9806","SPOCK2","ENSG00000107742","protein-coding",603.247327093013,-1.71563901672605,-1.56135618280322,0.395318975454105,1.42557095357268e-05,0.000430418233424202,"down"
"117581","TWIST2","ENSG00000233608","protein-coding",25.6904720552825,4.4202872069922,3.93401592474118,1.02160076435979,1.51274402106714e-05,0.000454223050554785,"up"
"105377378","LOC105377378","ENSG00000288781","ncRNA",22.652909744921,7.32034478588651,6.94843514658185,1.69372921213077,1.54601684430769e-05,0.000463193442233022,"up"
"23704","KCNE4","ENSG00000152049","protein-coding",22.9926762598998,4.32158481995865,3.86391449440061,1.00015501743344,1.553835231959e-05,0.000465024849222067,"up"
"7477","WNT7B","ENSG00000188064","protein-coding",4291.1846552555,-1.70429423054498,-1.54901944670924,0.394710610753227,1.57569063746491e-05,0.000470532634609456,"down"
"105372145","LOC105372145","ENSG00000267579","ncRNA",54.8875580177331,2.45303446816791,2.19087955200984,0.569255316871156,1.63846855656606e-05,0.000486614452355306,"up"
"25891","PAMR1","ENSG00000149090","protein-coding",48.5162368731731,2.64967057349993,2.37400130514514,0.615187694229573,1.65414121689952e-05,0.000490734560800309,"up"
"388428","PVALEF","ENSG00000225180","protein-coding",37.2416023215637,-3.9936512785552,-3.54031987200563,0.929857720006356,1.7476755952721e-05,0.000515677786033535,"down"
"23236","PLCB1","ENSG00000182621","protein-coding",1341.28331521475,1.5476897303271,1.41139893965905,0.361615933111489,1.86954776718713e-05,0.00054705089323379,"up"
"83259","PCDH11Y","ENSG00000099715","protein-coding",289.302434168656,2.29402507439836,2.05424537546027,0.53600387304316,1.87005366965189e-05,0.00054705089323379,"up"
"359822","KCNIP4-IT1","ENSG00000280650","ncRNA",30.1960307785118,-2.69091836204503,-2.40175238059528,0.629188990523907,1.89595088474913e-05,0.00055403220709325,"down"
"3791","KDR","ENSG00000128052","protein-coding",1952.08055481569,2.08738290801098,1.8742899311558,0.489039360143822,1.9693905982148e-05,0.000571207077337536,"up"
"692223","SNORD97","ENSG00000238622","snoRNA",1258.88423114945,-2.8236304889662,-2.51442703784775,0.66149551577842,1.96742656878791e-05,0.000571207077337536,"down"
"64388","GREM2","ENSG00000180875","protein-coding",118.225095464954,-1.5115933501291,-1.37941404260506,0.354281394539844,1.98433512282066e-05,0.000574319668668602,"down"
"102467080","LINC02998","ENSG00000305702","ncRNA",68.900828756083,2.34133886743195,2.08909069211234,0.548813289571349,1.98844166928572e-05,0.00057489791804248,"up"
"100423031","MIR4321","ENSG00000284272","ncRNA",63.6528293101967,-3.65301794342867,-3.2358776822642,0.856797824403727,2.0118596879618e-05,0.00058043748711736,"down"
"6579","SLCO1A2","ENSG00000084453","protein-coding",330.035475130416,2.22148396369924,1.98805848758646,0.522523451771793,2.12387963437382e-05,0.00060825057091983,"up"
"1815","DRD4","ENSG00000069696","protein-coding",74.3604194213537,-4.16746858985344,-3.68193476067189,0.980619021909749,2.13928481583355e-05,0.000612019530103734,"down"
"100129792","CCDC152","ENSG00000198865","protein-coding",541.638201078659,2.52195162090426,2.24246306719163,0.593833075055613,2.16745491410008e-05,0.000618780008146855,"up"
"10858","CYP46A1","ENSG00000036530","protein-coding",190.876323670775,-1.78084564870073,-1.60995799478565,0.419812610653693,2.21535388427809e-05,0.000629816562053785,"down"
"284576","LEMD1-AS1","ENSG00000226235","ncRNA",82.0487912067113,-2.26257547116535,-2.02534317729621,0.533358519615971,2.21409677848188e-05,0.000629816562053785,"down"
"201164","PLD6","ENSG00000179598","protein-coding",42.8754560188574,-2.25834201553076,-2.02022159235704,0.533371615262618,2.29481728231703e-05,0.000649023842168998,"down"
"64135","IFIH1","ENSG00000115267","protein-coding",132.611873640734,2.5683003029896,2.27927509730641,0.606984109186307,2.32398254863652e-05,0.000655233300993031,"up"
"84634","KISS1R","ENSG00000116014","protein-coding",20.5061579150693,-4.28769405792407,-3.78214737338964,1.01608639833676,2.44505614806432e-05,0.000686529462624362,"down"
"57662","CAMSAP3","ENSG00000076826","protein-coding",1034.8376994123,-2.56603952099402,-2.28325561072591,0.609165131453355,2.52685691620849e-05,0.000708039331587957,"down"
"4199","ME1","ENSG00000065833","protein-coding",544.59172524916,1.74362320880028,1.57353204341146,0.414518384749139,2.5948998822014e-05,0.000723388040780563,"up"
"140462","ASB9","ENSG00000102048","protein-coding",37.8672390035026,2.39494556772182,2.13523561528636,0.57075627115135,2.71560511651149e-05,0.000752421320087085,"up"
"105372978","LINC01638","ENSG00000233521","ncRNA",15.0511669034168,6.72019826805849,6.29147019521077,1.60185992228003,2.725742112378e-05,0.000754463278699226,"up"
"7851","MALL","ENSG00000144063","protein-coding",53.9953498108679,1.85618268571395,1.66902441373938,0.443983227451709,2.90549724860797e-05,0.000798543114778706,"up"
"171389","NLRP6","ENSG00000174885","protein-coding",43.7751506395515,5.38579526708395,4.74420000753169,1.28891545742165,2.93375924088002e-05,0.000803879517018623,"up"
"10500","SEMA6C","ENSG00000143434","protein-coding",2312.19333509406,-1.81193848113945,-1.63033159746436,0.43408339728864,2.9907260363811e-05,0.000818666211404562,"down"
"8826","IQGAP1","ENSG00000140575","protein-coding",8136.60492036113,1.51727323624485,1.37970617143317,0.363979853433203,3.06524982496923e-05,0.00083654625853815,"up"
"2257","FGF12","ENSG00000114279","protein-coding",964.358748983372,1.71643746639349,1.54552708667805,0.413181062957392,3.26425173327939e-05,0.000882027346443303,"up"
"162394","SLFN5","ENSG00000166750","protein-coding",2522.19941710446,1.69455398254101,1.52612850264819,0.40903030704644,3.43006158772971e-05,0.000921351715545445,"up"
"105373335","LOC105373335","ENSG00000235189","ncRNA",151.22068750545,1.60301946267023,1.44789169848562,0.387995563819582,3.60339875572871e-05,0.000965059564599092,"up"
"8935","SKAP2","ENSG00000005020","protein-coding",161.621237208755,2.04311973365561,1.82145255513729,0.4948077425229,3.6415691764819e-05,0.000973370019878456,"up"
"254173","TTLL10","ENSG00000162571","protein-coding",17.3978734777228,-3.36425445786167,-2.956455452041,0.81536071241086,3.68977457257777e-05,0.000984324989694328,"down"
"132720","FAM241A","ENSG00000174749","protein-coding",106.904419983259,1.70783938803785,1.53657739213563,0.413992475968594,3.70266475952387e-05,0.000986798162303605,"up"
"1517","CTSLP2","ENSG00000285662","pseudo",21.65327569524,-3.25714538511431,-2.86051624615385,0.789874356450829,3.72956440810521e-05,0.000992027746561762,"down"
"30817","ADGRE2","ENSG00000127507","protein-coding",25.9700004894082,3.72676673414939,3.27208327659443,0.90387641883105,3.73818324432791e-05,0.00099335114983778,"up"
"6043","SNORA63","ENSG00000200320","snoRNA",1000.73660815806,-1.75042699860059,-1.57515384063531,0.426031408687655,3.97925901447608e-05,0.00104720576998722,"down"
"102723817","CNIH3-AS2","ENSG00000233384","ncRNA",54.7768456803358,3.32023787725005,2.89840687600957,0.809098554506504,4.06724749996238e-05,0.00106522032506219,"up"
"152789","JAKMIP1","ENSG00000152969","protein-coding",51.2179292702706,-2.72971564039645,-2.40591917799427,0.666716609048416,4.23506523216147e-05,0.00110598485143343,"down"
"7099","TLR4","ENSG00000136869","protein-coding",1030.91603465529,2.34845550186856,2.07216695690509,0.574008395383032,4.28913600652066e-05,0.00111689593201317,"up"
"56341","PRMT8","ENSG00000111218","protein-coding",292.493510066998,-1.73402905770791,-1.55618991528451,0.42438987513432,4.3899840355482e-05,0.00113556475090309,"down"
"3779","KCNMB1","ENSG00000145936","protein-coding",198.567746508307,2.04548804424441,1.81671297424284,0.50057379484111,4.38332070853779e-05,0.00113556475090309,"up"
"729558","LOC729558","ENSG00000249690","ncRNA",46.0168990794274,-2.1632413307032,-1.92068854953527,0.529418334695246,4.38738050581057e-05,0.00113556475090309,"down"
"340260","UNCX","ENSG00000164853","protein-coding",413.75849388668,-2.08476835361882,-1.85390536918568,0.510742909651946,4.46814888470576e-05,0.00115317365099682,"down"
"58189","WFDC1","ENSG00000103175","protein-coding",31.7395181152341,2.94199709706791,2.57758098022808,0.721147032400824,4.51117361696546e-05,0.00116140356461706,"up"
"83890","SPATA9","ENSG00000145757","protein-coding",735.701387289935,1.71415768177926,1.53638108323126,0.420559526416691,4.58371330810077e-05,0.00117563837847657,"up"
"124590","USH1G","ENSG00000182040","protein-coding",21.9749536946287,-3.56152934912025,-3.11389069652213,0.875045298954022,4.69912382320793e-05,0.0011984743864915,"down"
"8870","IER3","ENSG00000137331","protein-coding",2361.37959233878,1.99448456803147,1.77086103321924,0.490127439329297,4.71508906544534e-05,0.00120030054416715,"up"
"80164","PRR36","ENSG00000183248","protein-coding",2693.31133684598,-2.09035578919821,-1.85618209380247,0.514744693692429,4.88720860253503e-05,0.00123603761910496,"down"
"107986942","LOC107986942","ENSG00000288761","ncRNA",18.9927309328486,3.63016933379586,3.19425941199417,0.894690409555371,4.96095989714692e-05,0.00125236676514642,"up"
"22983","MAST1","ENSG00000105613","protein-coding",855.410429195067,-1.99478797369253,-1.77375599052715,0.49243993086954,5.10373722267953e-05,0.00128484110470115,"down"
"340596","LHFPL1","ENSG00000182508","protein-coding",109.269319377451,2.04372860187061,1.81015051827435,0.505482072479821,5.27428610256251e-05,0.00132410806906321,"up"
"201161","CENPV","ENSG00000166582","protein-coding",4099.01406117676,-2.31390960740228,-2.04167928186021,0.5727496253673,5.3450755416127e-05,0.00133941304748648,"down"
"220359","TIGD3","ENSG00000173825","protein-coding",180.862141349361,-2.070223917588,-1.83570877816269,0.513388318750589,5.51932398750981e-05,0.00137556157675585,"down"
"3176","HNMT","ENSG00000150540","protein-coding",241.286979334857,2.07242272166378,1.83258541942284,0.513976035328331,5.52715219943169e-05,0.0013761851832448,"up"
"4500","MT1L","ENSG00000291105","pseudo",12.5966205269355,6.46484674267318,5.94634712672449,1.60569285944766,5.66845567004276e-05,0.00140751161555597,"up"
"27439","TMEM121B","ENSG00000183307","protein-coding",881.728288848563,-1.5299143915789,-1.37787555612357,0.380265182330159,5.73924972964101e-05,0.00142120712651165,"down"
"9452","ITM2A","ENSG00000078596","protein-coding",153.984713248449,1.87655744507583,1.66794458440894,0.466965523521217,5.85397523318136e-05,0.00144617107901758,"up"
"260334","TUBB8B","ENSG00000173213","protein-coding",37.0158183623324,2.21024862544518,1.95320240454237,0.55085109907829,6.0098220171584e-05,0.00147153860931308,"up"
"85442","KNDC1","ENSG00000171798","protein-coding",689.338245552448,-2.30108751795618,-2.02731975675587,0.574137087429084,6.12594736068497e-05,0.00149256326042641,"down"
"406937","MIR145","ENSG00000276365","ncRNA",12.7869114428625,6.48596772071418,5.95497153608636,1.61848034657543,6.13796710040361e-05,0.00149404289410604,"up"
"23532","PRAME","ENSG00000185686","protein-coding",35.277883054298,2.74745894650755,2.40830130760079,0.68567420017043,6.15091265844334e-05,0.00149463888342067,"up"
"8309","ACOX2","ENSG00000168306","protein-coding",82.6311290464813,1.75001225588847,1.56208101530599,0.437058822446011,6.22630508949822e-05,0.00150758420923694,"up"
"54625","PARP14","ENSG00000173193","protein-coding",2472.93099484992,1.64725979515311,1.47276150178285,0.412277486392391,6.45544872397449e-05,0.00155753410628708,"up"
"478","ATP1A3","ENSG00000105409","protein-coding",2107.39956729629,-1.51928223080333,-1.36884032568879,0.380318705850627,6.4759620399618e-05,0.00155972287153285,"down"
"83723","TLCD3B","ENSG00000149926","protein-coding",1348.874868155,-2.36708079346602,-2.08054501674348,0.592768855175575,6.51707450503282e-05,0.00156711415832023,"down"
"101928067","LINC01945","ENSG00000236485","ncRNA",87.8553442063582,-1.87706732152715,-1.66763364263959,0.470112513247839,6.52964232633431e-05,0.00156711415832023,"down"
"105372424","LOC105372424","ENSG00000269729","ncRNA",13.2377000461578,6.53322552020512,5.9905902991537,1.63616865672785,6.52418831177102e-05,0.00156711415832023,"up"
"105372249","LOC105372249","ENSG00000302622","ncRNA",45.0586202233961,-3.15934583536656,-2.75085625569584,0.791955942643388,6.62699800613764e-05,0.00158096781958651,"down"
"2138","EYA1","ENSG00000104313","protein-coding",150.149700139568,1.8730564785536,1.65983976105898,0.470219756811983,6.79465456803949e-05,0.00161648745325505,"up"
"100289333","LOC100289333","ENSG00000291101","pseudo",51.2827714745809,-2.13742712210073,-1.88385040663139,0.537877248627677,7.07291589890347e-05,0.00167537775037102,"down"
"105377372","NEUROG2-AS1","ENSG00000249509","ncRNA",21.9382857956143,-2.91820535242818,-2.54204692399415,0.734968471492755,7.17166164641093e-05,0.00169435167355067,"down"
"105373051","SCUBE1-AS2","ENSG00000236272","ncRNA",11.4724663109307,-4.24791926374724,-3.66777839063147,1.07030150834553,7.22052840800993e-05,0.00170441979667517,"down"
"55532","SLC30A10","ENSG00000196660","protein-coding",47.8561169416351,-1.60524323529099,-1.43673244291318,0.4046180065991,7.26897968530508e-05,0.00171289077044216,"down"
"4880","NPPC","ENSG00000163273","protein-coding",17.278521734896,-3.23922450992296,-2.80989651611036,0.818310225550195,7.54437498307719e-05,0.0017686142694636,"down"
"440896","LINC03025","ENSG00000276462","ncRNA",80.4662032903827,-2.90723065488227,-2.53228560405394,0.7345097365692,7.55622508109148e-05,0.00176987045198349,"down"
"9871","SEC24D","ENSG00000150961","protein-coding",2386.55990582964,1.84042090661878,1.62914213402933,0.465318892837109,7.64764120460061e-05,0.00178362095639205,"up"
"105377253","LOC105377253","ENSG00000250775","ncRNA",13.7566187899778,6.60119966399242,6.02870091399167,1.67072337822663,7.77919279729777e-05,0.00181275138825236,"up"
"5076","PAX2","ENSG00000075891","protein-coding",132.554198577856,2.59106950281243,2.2440308378828,0.656710027433102,7.96234651898023e-05,0.00184910916093251,"up"
"284408","ZNF790-AS1","ENSG00000267254","ncRNA",70.9569154256363,-1.6617681003759,-1.48273183559163,0.421634189078991,8.10562031234301e-05,0.00187588543669103,"down"
"3600","IL15","ENSG00000164136","protein-coding",28.9916077788212,3.34935546800726,2.91198016554661,0.850999476378673,8.29233647238947e-05,0.00191270948885978,"up"
"51186","TCEAL9","ENSG00000185222","protein-coding",2432.53169592398,1.69713489314722,1.50999290168572,0.431531134472345,8.39546058352899e-05,0.00193322497761262,"up"
"3400","ID4","ENSG00000172201","protein-coding",7557.04764024832,-1.91790423728335,-1.69173795174425,0.488269573330167,8.5668810178037e-05,0.00196771224995282,"down"
"55584","CHRNA9","ENSG00000174343","protein-coding",54.1605060088389,2.66878954608456,2.31180214812778,0.679418357323319,8.56372690683033e-05,0.00196771224995282,"up"
"100303728","SLC25A5-AS1","ENSG00000224281","ncRNA",514.619024113896,1.92671258366292,1.70159953067119,0.490836459291732,8.65980879205908e-05,0.00198237638040889,"up"
"81671","VMP1","ENSG00000062716","protein-coding",5127.44045988948,1.67591516562933,1.49028676852201,0.427000126898282,8.6780658672004e-05,0.00198488915942409,"up"
"23052","ENDOD1","ENSG00000149218","protein-coding",690.547890482695,1.55595565435054,1.39016693498804,0.396463006612761,8.68767532665542e-05,0.00198542145939592,"up"
"100302132","MIR1182","ENSG00000283799","ncRNA",35.3412288017515,2.37084748642816,2.07088693381408,0.605578080540201,9.0398453105124e-05,0.00205900035543701,"up"
"148014","TTC9B","ENSG00000174521","protein-coding",52.8130480591164,-2.29492966423392,-2.00851217631193,0.586495714515651,9.11746081190514e-05,0.00207321477544439,"down"
"84674","CARD6","ENSG00000132357","protein-coding",27.172813721636,2.88945792114185,2.49988573237222,0.739396730513432,9.31177481325791e-05,0.00211035933922414,"up"
"100507401","LRP4-AS1","ENSG00000247675","ncRNA",274.983897587471,1.65894388444586,1.47339493359713,0.424742469673215,9.39281147462234e-05,0.00212519180119588,"up"
"144402","CPNE8","ENSG00000139117","protein-coding",944.729234962022,1.56485234307495,1.39533834059132,0.400908306427257,9.49027329773936e-05,0.00214368526254819,"up"
"100048912","CDKN2B-AS1","ENSG00000240498","ncRNA",68.0951284308878,2.16134616760243,1.89302645262393,0.553959592078531,9.55465523332821e-05,0.00215109925913675,"up"
"2626","GATA4","ENSG00000136574","protein-coding",10.8785723913304,6.25010286523681,5.66074947746939,1.60209702230028,9.57165446768649e-05,0.00215314841094888,"up"
"9808","KIAA0087","ENSG00000122548","ncRNA",31.6703632582975,-1.83710557980775,-1.62419172669067,0.470937595239405,9.58146233812869e-05,0.00215357781687338,"down"
"54769","DIRAS2","ENSG00000165023","protein-coding",286.595092163321,1.51691362351131,1.35597256694268,0.389024218378739,9.64799022942237e-05,0.00216674469205084,"up"
"3742","KCNA6","ENSG00000151079","protein-coding",526.309430750251,-1.74127582521784,-1.54390073954573,0.446778783247807,9.72307748894025e-05,0.0021800163212045,"down"
"101928278","IGFBP-AS1","ENSG00000223874","ncRNA",48.7204823182465,-1.59279944073558,-1.41980078631955,0.408802066018642,9.76892185257309e-05,0.00218849536062903,"down"
"107985535","LOC107985535","ENSG00000235091","ncRNA",98.2786923845933,-2.61990828683463,-2.27688576358914,0.672485156976237,9.78507433360411e-05,0.00218851736367008,"down"
"4645","MYO5B","ENSG00000167306","protein-coding",638.273676938301,1.73154683467411,1.53180852369959,0.444748952153959,9.88844721896632e-05,0.0022098247949008,"up"
"10501","SEMA6B","ENSG00000167680","protein-coding",680.193331279234,-2.91207986527139,-2.5208724880698,0.748290329907172,9.95671062228344e-05,0.002221196351648,"down"
"9148","NEURL1","ENSG00000107954","protein-coding",228.061423949775,-2.09718215714829,-1.83949933338909,0.539351716077868,0.000100932707823948,0.00224639130294866,"down"
"107984508","SLC4A8-AS1","ENSG00000271065","ncRNA",82.3796396643637,-1.56773613467466,-1.39753807100679,0.404057097164217,0.000104462206862891,0.00231926515302107,"down"
"4066","LYL1","ENSG00000104903","protein-coding",166.96361877313,2.83101471708877,2.41841777340114,0.733289734756109,0.000113060734988165,0.00248587732154624,"up"
"100130958","SYCE1L","ENSG00000205078","protein-coding",1005.70795384675,-3.01391891433607,-2.59825638783371,0.781255991716452,0.00011441846638987,0.00250965813970508,"down"
"100302221","MIR1291","ENSG00000281842","ncRNA",289.178299778326,-2.94029444429776,-2.5365813959156,0.762863064643038,0.00011606660147223,0.00253967883028802,"down"
"256329","LMNTD2","ENSG00000185522","protein-coding",82.0977738577476,-3.52484409716863,-3.02623337789667,0.915083695161017,0.000117187513579656,0.00256009645050941,"down"
"100873944","PRKX-AS1","ENSG00000236188","ncRNA",26.1573913536883,-2.6547060151112,-2.29475547913288,0.689424110028698,0.000117822151304692,0.0025698425065369,"down"
"677815","SNORA2C","ENSG00000221491","snoRNA",291.506964978355,-2.91606545235414,-2.51466004029673,0.758028637628115,0.000119618489496954,0.00259655931341159,"down"
"9582","APOBEC3B","ENSG00000179750","protein-coding",143.301490222234,1.53088850880407,1.36255196096493,0.398115608459288,0.000120387080266084,0.0026111641657713,"up"
"93663","ARHGAP18","ENSG00000146376","protein-coding",1020.76681241924,1.65107146386234,1.46049052008614,0.429824530592673,0.000122400099399136,0.00264167391914709,"up"
"117166","WFIKKN1","ENSG00000127578","protein-coding",191.354717630857,-3.05885113126142,-2.63312125282761,0.79637614836647,0.000122552705899178,0.00264167391914709,"down"
"267010","RNU12","ENSG00000276027","snRNA",1422.45096555701,-2.43565390373302,-2.11333002176886,0.634317933396319,0.000123134656876857,0.00264967899375739,"down"
"1394","CRHR1","ENSG00000120088","protein-coding",75.0841566709188,-3.17912353073963,-2.73271590918354,0.828262194367354,0.000123886170615018,0.00266374807227748,"down"
"100506465","LINC01234","ENSG00000249550","ncRNA",186.548751540588,1.68874744549838,1.49131820635307,0.440057085242753,0.000124260605382309,0.00266969357379297,"up"
"81796","SLCO5A1","ENSG00000137571","protein-coding",485.819958587278,-1.5705036977899,-1.39601192445815,0.409326176554876,0.000124646634576407,0.00267587861818201,"down"
"3757","KCNH2","ENSG00000055118","protein-coding",575.498366064465,-1.92581807310484,-1.68943295922638,0.501976057387081,0.000124813422940087,0.00267735103307515,"down"
"55530","SVOP","ENSG00000166111","protein-coding",263.101355009942,-1.72381220612341,-1.52241694458498,0.449744116586952,0.000126655205916539,0.00271259036457857,"down"
"100506211","MIR210HG","ENSG00000247095","ncRNA",57.4445562124283,-1.75410412372952,-1.54627447573886,0.458261537892985,0.000129327432651548,0.00276330965815973,"down"
"100132594","PGAM1P5","ENSG00000257150","pseudo",16.0822106793742,-2.69665243470267,-2.32835040125283,0.705132890169198,0.000131134549427297,0.0027909854454222,"down"
"51286","CEND1","ENSG00000184524","protein-coding",216.244188240701,-2.23718989892549,-1.94547779559836,0.585270074321127,0.000132110020535235,0.00280736367877837,"down"
"57447","NDRG2","ENSG00000165795","protein-coding",277.063517815631,-1.51203414241369,-1.34553595719536,0.396208012112286,0.000135487859813399,0.00286796662263394,"down"
"105372068","LOC105372068","ENSG00000267202","ncRNA",7.78217947826832,-3.64830011327919,-3.1172324215811,0.956378476710856,0.000136346660803177,0.00288390640817519,"down"
"55502","HES6","ENSG00000144485","protein-coding",3366.81126070357,-2.48956562362671,-2.15123907537659,0.652987922849453,0.000137526312895822,0.00290435119658536,"down"
"441239","LOC441239","ENSG00000189316","protein-coding",22.9027004387384,-2.60486583398212,-2.24356607666992,0.684319738741554,0.000140945004749715,0.00296735491080789,"down"
"9256","TSPOAP1","ENSG00000005379","protein-coding",935.648100496034,-2.12566314915262,-1.85023084494944,0.559150370176997,0.000143767700437726,0.00301514044979551,"down"
"6251","RSU1","ENSG00000148484","protein-coding",2381.6617841906,1.51742411562613,1.34672852324966,0.399328853601926,0.000144733419208718,0.00302970460677281,"up"
"101929743","LINC01586","ENSG00000249487","ncRNA",44.3533772742361,-2.19396356816724,-1.90542424671089,0.577384700449673,0.000144795521663181,0.00302970460677281,"down"
"5176","SERPINF1","ENSG00000132386","protein-coding",919.60719973435,1.55578116986885,1.37732154767471,0.409656803506373,0.000146005353924787,0.00305033714130682,"up"
"154075","SAMD3","ENSG00000164483","protein-coding",436.422833158841,-1.69555185238216,-1.49513817648357,0.446658737972861,0.000147002674879368,0.00306412914977912,"down"
"84502","JPH4","ENSG00000092051","protein-coding",993.009839649125,-2.24476998508034,-1.94543321945381,0.591853810282569,0.00014897145553983,0.00309423723938662,"down"
"23308","ICOSLG","ENSG00000160223","protein-coding",95.1719020954944,4.15293389490187,3.4437869538272,1.09695366058983,0.000153166157285173,0.00316837793036642,"up"
"81848","SPRY4","ENSG00000187678","protein-coding",13281.460353018,1.50885158776752,1.33882687253064,0.398677735908781,0.000153931420670508,0.00317938352512176,"up"
"105371115","LOC105371115","ENSG00000261195","ncRNA",157.083502529861,-1.77813383625987,-1.56084400416639,0.469949272945348,0.000154531537105152,0.00318936247360701,"down"
"105371828","LINC02073","ENSG00000267452","ncRNA",43.0710902061724,2.487417050864,2.14032419336795,0.657626325548066,0.000155312834558739,0.0032006418151243,"up"
"27344","PCSK1N","ENSG00000102109","protein-coding",469.868877746269,-2.6369762132102,-2.26698240641552,0.698350382377609,0.000159362256816723,0.00327913401498199,"down"
"102465874","MIR8075","ENSG00000277942","ncRNA",67.4208446691609,-3.32258818685427,-2.83415764191769,0.880762660677253,0.000161685418930232,0.00331692344748972,"down"
"100126318","MIR301B","ENSG00000212102","ncRNA",32.0236314804151,-3.24158440527288,-2.76378702039016,0.859487982110822,0.000162249876538825,0.00332350160327162,"down"
"101929532","LOC101929532","ENSG00000236841","ncRNA",21.4277345272391,4.13818405906574,3.50597537252179,1.09731586133242,0.000162472414747772,0.00332556149826071,"up"
"57622","LRFN1","ENSG00000128011","protein-coding",690.882048817091,-2.47991223114436,-2.13566732756422,0.658093880035319,0.000164346030004447,0.00335458837537529,"down"
"64150","DIO3OS","ENSG00000258498","ncRNA",163.078723291732,-2.52955798040853,-2.17723330518137,0.671311569245813,0.000164505745960855,0.00335458837537529,"down"
"2444","FRK","ENSG00000111816","protein-coding",71.9352145059996,1.776567005579,1.55571293011433,0.471466131336245,0.000164445243765152,0.00335458837537529,"up"
"50614","GALNT9","ENSG00000182870","protein-coding",41.9746815126476,2.92932690349396,2.49750457071375,0.777595904372949,0.000165116277314605,0.00336007612176645,"up"
"139804","RBMXL3","ENSG00000175718","protein-coding",29.2514716544636,-2.74065281521957,-2.34839661406167,0.7279705159792,0.000166692139183658,0.00338650855641077,"down"
"6861","SYT5","ENSG00000129990","protein-coding",474.323878268585,-2.28750752427707,-1.97685170971147,0.607758764157912,0.000167323108086139,0.00339679614211503,"down"
"6374","CXCL5","ENSG00000163735","protein-coding",120.740553597007,1.91121495880857,1.66466011544022,0.508012573991392,0.000168464989135594,0.00341235472792929,"up"
"84518","CNFN","ENSG00000105427","protein-coding",30.0060060654454,-2.25143506751776,-1.94579694125473,0.598551611755207,0.000168916401503461,0.00341895825582061,"down"
"6191","RPS4X","ENSG00000198034","protein-coding",28634.2270044372,1.83667591230363,1.60142269254318,0.488930076713224,0.000172292085083225,0.00347438713587947,"up"
"28732","TRAJ23","ENSG00000211866","other",9.38879774591922,6.04354601278158,5.36365632944423,1.60880021782105,0.000172268633948349,0.00347438713587947,"up"
"105377559","LOC105377559","ENSG00000251416","ncRNA",10.1183135517693,6.16100964639785,5.47146130878926,1.64107022019697,0.000173852064894309,0.00350315577961058,"up"
"406977","MIR199A2","ENSG00000208024","ncRNA",18.3815114423721,5.5921896589753,4.81130855125399,1.49067225920687,0.000175811424921914,0.00353750751960965,"up"
"407022","MIR296","ENSG00000284040","ncRNA",4.46159931541824,-6.30294661437,-6.5487603979591,1.68065352872012,0.00017662661672536,0.00353965402355978,"down"
"55763","EXOC1","ENSG00000090989","protein-coding",2157.08366555914,1.65684161976537,1.45475608248797,0.442030483988852,0.00017807133481117,0.00355933788291183,"up"
"349136","WDR86","ENSG00000187260","protein-coding",426.386784606367,-1.9120548605999,-1.66633032919618,0.5104016173447,0.000179549842500995,0.00358363609512967,"down"
"9721","GPRIN2","ENSG00000204175","protein-coding",1159.34534485668,-1.9527793356209,-1.69943690078563,0.521770604851147,0.000182125086969549,0.0036299738702385,"down"
"78997","GDAP1L1","ENSG00000124194","protein-coding",757.92146391167,-1.65499506002246,-1.45662141516615,0.442701071425602,0.000185192841777683,0.00367884590991194,"down"
"389652","ASNSP1","ENSG00000290398","pseudo",21.7466172014215,5.84753760367059,5.01116930831358,1.56422138710719,0.000185264650612863,0.00367884590991194,"up"
"3688","ITGB1","ENSG00000150093","protein-coding",27233.3769474469,1.53089344234153,1.35651472921032,0.409609139630388,0.000185896469170455,0.00368870548432553,"up"
"790952","ESRG","ENSG00000265992","ncRNA",32.810083730253,3.99372527741256,3.33398899261264,1.06888952286736,0.00018672469217437,0.00370244509632148,"up"
"100288077","WTAPP1","ENSG00000255282","pseudo",21.483919529812,2.7766158627175,2.37801255805982,0.743852551127609,0.000189400302710073,0.00373918164597206,"up"
"8647","ABCB11","ENSG00000073734","protein-coding",28.6765576550148,-2.02243163033533,-1.754175575472,0.541987568501743,0.000190336012739991,0.00375222057219315,"down"
"114783","LMTK3","ENSG00000142235","protein-coding",560.583174100416,-2.63628579951844,-2.25637655133358,0.706669475468738,0.00019104076959334,0.00376339273279828,"down"
"728591","CCDC169","ENSG00000242715","protein-coding",47.4513418083677,2.08170986960224,1.79988629732485,0.558065300336691,0.000191307851093643,0.00376593303409175,"up"
"26831","RNU5A-1","ENSG00000199568","snRNA",140.895022519652,-2.33208917419764,-2.00694970057963,0.625358282610254,0.000192084910663291,0.00377850144612118,"down"
"84867","PTPN5","ENSG00000110786","protein-coding",419.181477124957,-1.63207029720507,-1.43546676456783,0.437758434650419,0.00019281857460282,0.00378746802447499,"down"
"401164","LINC01060","ENSG00000249378","ncRNA",9.16804444897617,6.00695574716574,5.30766191017709,1.61129080834736,0.000192975152493621,0.00378781465628948,"up"
"1258","CNGB1","ENSG00000070729","protein-coding",201.53204313949,-2.25788593710486,-1.94656004996922,0.605691632728365,0.000193172900675293,0.0037889683194325,"down"
"6261","RYR1","ENSG00000196218","protein-coding",217.562606357157,-1.83331118525113,-1.59903361792759,0.49235602895491,0.000196442684077321,0.00384204687136592,"down"
"100874090","SLC6A1-AS1","ENSG00000232287","ncRNA",30.7703950353979,2.57048495718819,2.20504553078643,0.690462546285556,0.000196990555667858,0.00385000036539676,"up"
"3856","KRT8","ENSG00000170421","protein-coding",1776.9261305857,1.63024692664606,1.42869135614554,0.438641639380864,0.000201937387124395,0.00393203562559301,"up"
"26824","RNU11","ENSG00000274978","snRNA",229.471205147156,-2.64177988635529,-2.2582097712676,0.710871539250745,0.000202197547941659,0.00393203562559301,"down"
"100422910","MIR2861","ENSG00000284547","ncRNA",24.0781431128672,-4.5414342854695,-3.82100886876768,1.22201052504532,0.000202111422638429,0.00393203562559301,"down"
"100506013","APELA","ENSG00000248329","protein-coding",67.6656737761127,-2.03466917235657,-1.76325526187152,0.547891674344487,0.000204304174573267,0.00396169915758573,"down"
"406975","MIR198","ENSG00000284121","ncRNA",749.976152183489,2.25661615385366,1.92780690548721,0.607781348661484,0.000204918138099306,0.00397078046705009,"up"
"4610","MYCL","ENSG00000116990","protein-coding",1660.39910118878,-1.55044311815933,-1.35942769221672,0.417612099810637,0.000205109056762102,0.0039716571900298,"down"
"7015","TERT","ENSG00000164362","protein-coding",40.0299757107381,-3.34607128076916,-2.83378771213049,0.901771102233785,0.000206805350644716,0.00400166151879172,"down"
"100874203","COL4A2-AS1","ENSG00000232814","ncRNA",401.396132835098,2.21801660161372,1.89585300250163,0.597876609315581,0.000207403916626773,0.00401039743468961,"up"
"100128640","ACVR2B-AS1","ENSG00000229589","ncRNA",183.70198772007,-2.01701306683482,-1.74627295394209,0.543839767900678,0.000208213385512078,0.00402073241669533,"down"
"400931","MIRLET7BHG","ENSG00000197182","ncRNA",89.6880501737998,3.2678289792433,2.71163096940715,0.886826871588933,0.000228832322431631,0.00436590933434288,"up"
"253128","LINC00612","ENSG00000214851","ncRNA",75.5676527959155,-2.11428612901527,-1.82067691380576,0.57399915634804,0.000230115841012959,0.00438426155791567,"down"
"398","ARHGDIG","ENSG00000242173","protein-coding",84.000255062305,-2.6758616980457,-2.27718962728314,0.726942304246335,0.00023233720647239,0.00442349273551902,"down"
"84630","TTBK1","ENSG00000146216","protein-coding",933.711547737332,-2.35052269569219,-2.01218998884783,0.638613266539528,0.000232624758426988,0.00442587677163532,"down"
"389816","LRRC26","ENSG00000184709","protein-coding",12.6411623351995,-4.63229161706853,-3.87647840228498,1.25904022945249,0.000233944292227487,0.00444787809155524,"down"
"147670","SMIM17","ENSG00000268182","protein-coding",82.4374821978517,-1.96186412847579,-1.69607882133683,0.533567575016084,0.000236103720731159,0.0044826823412356,"down"
"100131289","LOC100131289","ENSG00000287252","ncRNA",21.0793542642651,2.50127648122105,2.14198730122734,0.680519398709759,0.000237346560344313,0.00450001155857257,"up"
"79570","NKAIN1","ENSG00000084628","protein-coding",3025.1677423034,-1.65763813874443,-1.44942103284941,0.451049296543577,0.000237783383858769,0.00450516065151179,"down"
"109616998","SNORA50B","ENSG00000253007","snoRNA",26.358328104656,-2.80815569313836,-2.38010280987372,0.764371209108385,0.000238959101297167,0.00452429231789304,"down"
"57529","RTL9","ENSG00000243978","protein-coding",116.422872808352,1.58705840086998,1.39115467642361,0.432309551613654,0.000241493940877483,0.00456277949000949,"up"
"1395","CRHR2","ENSG00000106113","protein-coding",86.5195395887117,-1.94102901090834,-1.67826659449781,0.528891510778683,0.000242555552381529,0.00457484486915671,"down"
"442902","MIR330","ENSG00000284544","ncRNA",4.21459898618591,-6.22080478781811,-6.41327421688758,1.69508376367518,0.000242635918456595,0.00457484486915671,"down"
"100874074","DLEU7-AS1","ENSG00000176124","ncRNA",20.5788293062731,-2.24892081348944,-1.9267512237528,0.612845763731524,0.000242896185668568,0.00457658715001234,"down"
"91851","CHRDL1","ENSG00000101938","protein-coding",1082.43865054529,1.72345540445295,1.49698752273624,0.469950595340548,0.000245113752022948,0.00460881471389907,"up"
"100847048","MIR5690","ENSG00000265527","ncRNA",21.0103295823898,-3.08922728474105,-2.60601531984098,0.842836959458004,0.000247075184999308,0.00464249334515584,"down"
"285696","BASP1-AS1","ENSG00000215196","ncRNA",88.6311303754732,-1.78464118560767,-1.55120636275478,0.486943525962198,0.000247352152687901,0.00464449661906539,"down"
"79962","DNAJC22","ENSG00000178401","protein-coding",54.9249325516986,2.07111264587911,1.7658606352282,0.565892285238588,0.000252307655473322,0.00471590538029578,"up"
"100616377","MIR4803","ENSG00000264099","ncRNA",55.9194644986731,-2.28286776298073,-1.9513245629186,0.624870314525785,0.00025884457631148,0.00482477940363793,"down"
"7096","TLR1","ENSG00000174125","protein-coding",26.0541982350195,2.58431566939839,2.194433014633,0.707393789289028,0.00025890009784046,0.00482477940363793,"up"
"4056","LTC4S","ENSG00000213316","protein-coding",54.1696877756244,-3.13263665654896,-2.6406260877136,0.857995471650044,0.000261108409394664,0.00486260906675965,"down"
"8477","GPR65","ENSG00000140030","protein-coding",14.8547782599927,4.31775704977454,3.69314462557185,1.18289260153876,0.000262068562096864,0.00487715855085931,"up"
"28638","TRBC2","ENSG00000211772","other",134.867602322365,6.70529056632077,5.34217855757863,1.83829105357413,0.000264734852154872,0.00492341815085296,"up"
"23630","KCNE5","ENSG00000176076","protein-coding",299.065997249575,1.7567154935162,1.52093565913567,0.481708327134423,0.000265480192592581,0.00493391409055496,"up"
"642934","CERNA2","ENSG00000285972","ncRNA",57.0340662614546,3.2339796341776,2.69920536954353,0.887120512131167,0.000266893699304614,0.0049568050530252,"up"
"100506385","LINC01426","ENSG00000234380","ncRNA",42.3522950479007,1.91170588344894,1.65130353670052,0.524702393117275,0.000269049880297634,0.00499344856122171,"up"
"103625684","RNU6-2","ENSG00000207357","snRNA",180.910921067528,-1.57870243085357,-1.3820227489213,0.433784105376701,0.000273302024677041,0.00506136286711604,"down"
"102466720","MIR6720","ENSG00000275859","ncRNA",8.76150600547043,5.94445682276926,5.1779813045829,1.63343689775121,0.000273451713001098,0.00506136286711604,"up"
"105378616","TAF12-DT","ENSG00000229388","ncRNA",292.945773164329,-2.47570957877805,-2.10532524185671,0.680410658429667,0.000274175246710116,0.00506787384834211,"down"
"3111","HLA-DOA","ENSG00000204252","protein-coding",57.7932665139725,-1.93043550898222,-1.66354242559527,0.53122268547343,0.000279117356701918,0.00513832249366718,"down"
"646548","LOC646548","ENSG00000258422","pseudo",16.3230204084861,3.03321790022005,2.56633112553389,0.835322397482209,0.000282112723116774,0.00518646074380023,"up"
"100616224","MIR4753","ENSG00000263439","ncRNA",19.7186855694559,-3.59836767929693,-3.00869182972251,0.991795526808799,0.000285476412755314,0.00523723568723135,"down"
"113091","PTH2","ENSG00000142538","protein-coding",7.66365692976245,-4.55328623426667,-3.79993724168391,1.25534861959916,0.000286612360279923,0.00525147808512891,"down"
"124602","KIF19","ENSG00000196169","protein-coding",192.098796348531,-1.76420844616375,-1.52898307369281,0.486469055452263,0.000287223866594298,0.00525914808517592,"down"
"26010","SPATS2L","ENSG00000196141","protein-coding",3279.8773506529,1.56498774310166,1.36575136833355,0.432091316876816,0.00029245711430754,0.00534592509858578,"up"
"105370783","LOC105370783","ENSG00000259269","ncRNA",42.4696856487857,-1.58455501753317,-1.3843063468789,0.437850818668423,0.000295814358589158,0.00540193079207958,"down"
"93010","B3GNT7","ENSG00000156966","protein-coding",70.9418207627722,-1.92714996820506,-1.65689031051692,0.534773979658033,0.000313753064158836,0.00569139290833433,"down"
"388021","TMEM179","ENSG00000258986","protein-coding",360.742811183906,-2.78494445630698,-2.3457395998441,0.773251331876816,0.000316260853373821,0.00573306908669139,"down"
"3798","KIF5A","ENSG00000155980","protein-coding",2512.21195628631,-1.52719201064291,-1.33590772234905,0.424062686717565,0.000316586705491227,0.0057351627498424,"down"
"57801","HES4","ENSG00000188290","protein-coding",2090.48412272166,-2.50881420576356,-2.12115310155806,0.697328652007583,0.000320981833816877,0.00579936959389221,"down"
"100129781","MIR193BHG","ENSG00000262454","ncRNA",26.1140424181066,2.73253975391519,2.27662895572208,0.760601024786127,0.000327387494857575,0.00589946639775078,"up"
"101927811","ITGB8-AS1","ENSG00000271133","ncRNA",183.982662304195,-2.20593340086459,-1.87811386501816,0.614334378393434,0.000329702601753825,0.00593334107869062,"down"
"650368","TSSC2","ENSG00000290960","pseudo",589.809839358124,-1.60800600892746,-1.39987499346623,0.447909239094497,0.000330644427314536,0.00594636521523978,"down"
"352909","DNAAF3","ENSG00000167646","protein-coding",98.8600297792688,-2.14622324755613,-1.82967942159141,0.598241546082471,0.000333795910029065,0.00599118610337883,"down"
"100874238","ARHGEF7-AS2","ENSG00000235875","ncRNA",137.309873679969,-1.58261550762856,-1.37663160278621,0.443921136988768,0.000363741657888524,0.00646483217775276,"down"
"283987","HID1","ENSG00000167861","protein-coding",452.029843819771,-1.82841762017434,-1.57238693995409,0.512938034098404,0.000364415010560587,0.00647258035695364,"down"
"100134869","UBE2Q2P2","ENSG00000290945","pseudo",476.269404065312,-1.53077663562901,-1.33374971069054,0.43093197271494,0.000381956711716297,0.00674892420125521,"down"
"693235","MIR92B","ENSG00000284586","ncRNA",106.12958946742,-2.94493921773598,-2.4600197475783,0.829075019002523,0.000382201399895028,0.00674892420125521,"down"
"2180","ACSL1","ENSG00000151726","protein-coding",594.546080534046,1.71424175353977,1.47352830700541,0.482686229973195,0.000383097458563667,0.00676036835616816,"up"
"407032","MIR30C2","ENSG00000199094","ncRNA",34.7106273459493,-2.4020165843557,-2.0240060639329,0.676816822817103,0.000386710793182457,0.00681090637294994,"down"
"105370589","LOC105370589","ENSG00000258874","ncRNA",44.4768761095289,1.87113010681556,1.60226622509712,0.527286513919007,0.000387281609593479,0.00681655636149555,"up"
"100861518","P4HA2-AS1","ENSG00000237714","ncRNA",32.8837134711801,2.38909856677472,2.01660088544314,0.67338957544306,0.000388360086102201,0.00683112863709058,"up"
"54869","EPS8L1","ENSG00000131037","protein-coding",376.381616017035,-1.96543809393249,-1.67717633463004,0.555103626534128,0.00039911423345918,0.00697306774774907,"down"
"440556","PRDM16-DT","ENSG00000177133","ncRNA",355.126894008225,-2.02383017782263,-1.72305582325572,0.571916068781231,0.000402127089810298,0.00701894556759792,"down"
"105376946","GRM7-AS2","ENSG00000237665","ncRNA",6.83541760100125,-3.68524252087628,-3.04698036443554,1.04209116516228,0.000405632815105496,0.00706656426264297,"down"
"100033819","MIR675","ENSG00000284010","ncRNA",23.7642943978472,3.4475765822363,2.81032595914633,0.975391407366935,0.000408459238889912,0.00709766264441973,"up"
"442908","MIR340","ENSG00000198995","ncRNA",46.445444550655,-2.31826429880617,-1.95382740075603,0.656121781589334,0.000410432014534987,0.00712012294574461,"down"
"26835","RNU4-1","ENSG00000200795","snRNA",1349.32900128543,-2.81094880556073,-2.34515604335107,0.796344894588961,0.00041585300074884,0.00719404582006116,"down"
"10351","ABCA8","ENSG00000141338","protein-coding",70.444019230177,2.38301458249123,1.98981983261766,0.675495618569216,0.000419025961175702,0.00723058468702174,"up"
"284800","FAM182A","ENSG00000125804","ncRNA",19.4171781285607,-2.66504728972926,-2.22483995926265,0.7558211171287,0.000421840538122807,0.00726077047435618,"down"
"102465513","MIR6852","ENSG00000284195","ncRNA",264.617264863734,2.02156058852779,1.70613615385148,0.574370557914116,0.000432181130765214,0.00740602536089429,"up"
"100506237","NKX2-1-AS1","ENSG00000253563","ncRNA",21.5671998768918,2.88943676824962,2.4158048788617,0.821706672379949,0.000437466624656585,0.00748718773046901,"up"
"283212","KLHL35","ENSG00000149243","protein-coding",382.848800997529,-1.9477074584626,-1.65851212678333,0.553956720593106,0.000438114004944137,0.00749356350740085,"down"
"8495","PPFIBP2","ENSG00000166387","protein-coding",406.612589850498,1.67175603349153,1.43426331329681,0.476044793177284,0.000445146383296037,0.00758055652353726,"up"
"9076","CLDN1","ENSG00000163347","protein-coding",68.8331969972222,1.75745475914976,1.50277517196814,0.501059261107855,0.000452374318313896,0.00768408446099408,"up"
"100131244","ANKRD63","ENSG00000230778","protein-coding",38.7457358228628,-3.07837820742756,-2.54835646723429,0.878539750087753,0.000458374486745607,0.00776701181269871,"down"
"284","ANGPT1","ENSG00000154188","protein-coding",548.014565475588,1.70907510533764,1.4664015421176,0.488070244856696,0.000462301522638539,0.00782162835774803,"up"
"63978","PRDM14","ENSG00000147596","protein-coding",12.6863863539084,6.47198442517592,5.49438486132255,1.84837613696256,0.000462745251652273,0.00782162835774803,"up"
"101928738","LINC01978","ENSG00000262188","ncRNA",22.2328251686932,-4.02920852102921,-3.30085433358232,1.15142952581397,0.000466464421370185,0.00787736304574727,"down"
"196883","ADCY4","ENSG00000129467","protein-coding",19.5663661825973,3.45403778557975,2.80396820320732,0.98708777283774,0.000466620500252415,0.00787736304574727,"up"
"10761","PLAC1","ENSG00000170965","protein-coding",7.60179522698295,5.73798221447368,4.86051426609434,1.64126273673245,0.000472151019536175,0.00794612678804584,"up"
"105374928","LOC105374928","ENSG00000233656","ncRNA",21.0886381446138,3.55378319377085,2.87180929942754,1.01702653774075,0.00047532871060277,0.00798974227242535,"up"
"105376354","LINC02668","ENSG00000226762","ncRNA",17.3046632334323,3.11173734276036,2.57402053486509,0.89128705338198,0.000480702732483043,0.0080631363304785,"up"
"2523","FUT1","ENSG00000174951","protein-coding",27.5826400424373,-2.45349059317553,-2.04851638072243,0.703164257937766,0.000484443096855967,0.00811293402498839,"down"
"161253","REM2","ENSG00000139890","protein-coding",243.091403164891,-1.6634658742164,-1.43042075901715,0.477185394898299,0.000490310270791179,0.00819106570027617,"down"
"283208","P4HA3","ENSG00000149380","protein-coding",35.0372642767093,3.41843300315099,2.75589940011761,0.98187272797399,0.000498532061448206,0.00829050425963365,"up"
"100313886","MIR2116","ENSG00000253030","ncRNA",34.4565047222139,-3.0399204255818,-2.50761550278056,0.873995456901066,0.000504815916117682,0.00836674841156989,"down"
"9143","SYNGR3","ENSG00000127561","protein-coding",120.759867423618,-1.69963072482929,-1.45698212936338,0.489081246028058,0.000510567642702418,0.00844980599118716,"down"
"93273","LEMD1","ENSG00000186007","protein-coding",388.046119618993,-1.66227585313542,-1.42808566977809,0.478414870550187,0.00051171312235697,0.00845536155632754,"down"
"256380","SCML4","ENSG00000146285","protein-coding",31.8737139756203,-1.71446358856535,-1.46745826939691,0.493951505154611,0.000518688550506457,0.00854472787976317,"down"
"4940","OAS3","ENSG00000111331","protein-coding",404.482847500695,1.96801455455076,1.65089853420365,0.567389405224575,0.000523288759794806,0.00859822938952336,"up"
"225689","MAPK15","ENSG00000181085","protein-coding",379.829907016229,-2.58398589551895,-2.14809079652698,0.745002061300376,0.000523513086363292,0.00859822938952336,"down"
"340348","TSPAN33","ENSG00000158457","protein-coding",325.232186092459,-1.51684852495269,-1.31260789961347,0.437566831298445,0.000527178179795518,0.00865321245872667,"down"
"114796","PSMG3-AS1","ENSG00000230487","ncRNA",486.371880564106,-1.55896914739194,-1.34543984253521,0.449880590029736,0.000529649327216327,0.00868331885581836,"down"
"3214","HOXB4","ENSG00000182742","protein-coding",46.3505412728572,8.34743259570046,0.224472061065153,2.40969077055177,0.000531989988667955,0.00870843674878333,"up"
"102723775","LINC01315","ENSG00000229891","ncRNA",155.418403745704,-1.70572308250027,-1.45995680733316,0.492607919670413,0.000534906801998369,0.00872752785738092,"down"
"137902","PXDNL","ENSG00000147485","protein-coding",138.101686994878,1.57056314467826,1.34732926157782,0.453568750610589,0.000534825349533348,0.00872752785738092,"up"
"284417","TMEM150B","ENSG00000180061","protein-coding",84.8809265211787,-2.07928434314011,-1.75110947196373,0.600434561015971,0.000534256319765536,0.00872752785738092,"down"
"100506376","TTLL10-AS1","ENSG00000205231","ncRNA",19.347697377468,-4.02969053267222,-3.29245684770906,1.16599973561607,0.000548263264459341,0.00890293669220418,"down"
"653247","PRB2","ENSG00000121335","protein-coding",17.914821181773,-3.9139036131895,-3.18520802827348,1.13275108674895,0.000549845042319416,0.00891258931854729,"down"
"401115","C4orf48","ENSG00000243449","protein-coding",625.400158424654,-2.25054588263864,-1.88367222052547,0.651497689501184,0.000551480207256349,0.00893049108440589,"down"
"692084","SNORD13","ENSG00000239039","snoRNA",556.200507442668,-1.82285766968206,-1.55004620419282,0.527697956694254,0.000551604569620728,0.00893049108440589,"down"
"10912","GADD45G","ENSG00000130222","protein-coding",484.989828929837,-2.36019052477872,-1.96878852949925,0.684394182636963,0.000563535083566386,0.00909125474458813,"down"
"105375336","LOC105375336","ENSG00000296880","ncRNA",19.0622472921019,-2.04504163302394,-1.71937245874835,0.593170415283329,0.000565494597881329,0.00911208316586084,"down"
"8999","CDKL2","ENSG00000138769","protein-coding",329.041960850716,-1.77766107815333,-1.51373228227463,0.515908845941616,0.000569606949707556,0.00915130458269111,"down"
"100128054","PLCE1-AS1","ENSG00000268894","ncRNA",47.3604224169366,1.7443702371736,1.48582504110034,0.506967530161858,0.000580012465789389,0.0092901940993434,"up"
"51673","TPPP3","ENSG00000159713","protein-coding",428.456849529276,-2.48155889437284,-2.06047104550255,0.721733864239051,0.000585314831562245,0.00934857853996078,"down"
"101927447","SCUBE1-AS1","ENSG00000203527","ncRNA",27.2293581329352,-2.91452041294508,-2.39512825416081,0.847938876087187,0.000587800052335885,0.00937728532878032,"down"
"100131213","ZNF503-AS2","ENSG00000237149","ncRNA",108.913769736086,-1.99673258015777,-1.6817028708656,0.58101691586614,0.000589027999622307,0.00938619347800373,"down"
"220001","VWCE","ENSG00000167992","protein-coding",145.769272024759,-1.65967805409403,-1.41978639797039,0.483103964252638,0.000591577212854386,0.00941001232862427,"down"
"53840","TRIM34","ENSG00000258659","protein-coding",42.7723870472387,1.86781841984353,1.57653937850978,0.543794126279374,0.000593014015604734,0.00942736683466325,"up"
"54845","ESRP1","ENSG00000104413","protein-coding",9.55830295858314,6.06367363271921,5.06862872260525,1.76577115210771,0.000594724940644476,0.00944355316350087,"up"
"102724233","LINC02576","ENSG00000232613","ncRNA",54.5377988824437,-1.96293308426811,-1.65309489577777,0.572211624737874,0.000602620932300016,0.00954114814066645,"down"
"105373949","LOC105373949","ENSG00000300430","ncRNA",7.56665773820596,5.73266828723521,4.78705019659442,1.6710913623451,0.000602484100404303,0.00954114814066645,"up"
"10368","CACNG3","ENSG00000006116","protein-coding",10.0619304225421,6.14519882789853,5.13116356143421,1.79212961424549,0.00060582649072334,0.00956967175149544,"up"
"284654","RSPO1","ENSG00000169218","protein-coding",874.857984606342,-3.05924587067626,-2.5081503082201,0.892591410420599,0.000609445845760428,0.00961081569881733,"down"
"285668","C5orf64","ENSG00000178722","ncRNA",90.9388476293023,1.67874041764538,1.42810393034702,0.48989743231126,0.000610922846099172,0.00961674392381514,"up"
"60484","HAPLN2","ENSG00000132702","protein-coding",43.0067369578211,-2.37461695835296,-1.97145522529247,0.693520533463454,0.000617057527328777,0.00968535200062854,"down"
"100129827","IRAG1-AS1","ENSG00000177112","ncRNA",25.0567676403934,2.1704314768225,1.81513975127569,0.634166127043718,0.0006204885108896,0.00972241308097359,"up"
"653149","NBPF6","ENSG00000186086","protein-coding",13.0923426776244,5.0561656255,4.14360336112298,1.48006035023947,0.000635041964712387,0.00992762851256796,"up"
"2078","ERG","ENSG00000157554","protein-coding",13.8655359234189,3.64740197553526,3.01623078645947,1.068264687,0.000639404416993452,0.00997866172003977,"up"
"1121","CHM","ENSG00000188419","protein-coding",1881.1552822517,1.64388249758934,1.39727759778117,0.481578031648329,0.000641263945861825,0.00998737662553767,"up"
"90990","KIFC2","ENSG00000167702","protein-coding",345.835500200102,-2.48652024088145,-2.05720134928008,0.728384907900532,0.00064076549074495,0.00998737662553767,"down"
"1288","COL4A6","ENSG00000197565","protein-coding",8801.54929802899,-1.99701477072366,-1.67559480920387,0.586222100754576,0.000657813288884445,0.0102075250473224,"down"
"55024","BANK1","ENSG00000153064","protein-coding",15.8406907489305,2.92730926283969,2.39251777108071,0.859303596793886,0.00065775870584229,0.0102075250473224,"up"
"105376364","LOC105376364","ENSG00000295332","ncRNA",14.8786186995844,5.22410599752727,4.23504258826223,1.53365395058471,0.000658465459117531,0.010211211268071,"up"
"4010","LMX1B","ENSG00000136944","protein-coding",388.519433137652,-1.52978840720716,-1.31501930370176,0.449252061613305,0.000661181530486609,0.0102306772117973,"down"
"101928363","EHD4-AS1","ENSG00000259883","ncRNA",43.0445526646333,1.89764791143071,1.59355428724816,0.557415829226337,0.000663176488825188,0.0102557253495916,"up"
"4494","MT1F","ENSG00000198417","protein-coding",32.9903322195907,1.79138857440005,1.51655624962928,0.526459970203648,0.000667220005105969,0.0103124071537467,"up"
"342035","GLDN","ENSG00000186417","protein-coding",33.8448568823552,-1.82073732383334,-1.53768217016139,0.535513167175135,0.000673892792132013,0.0103842832338153,"down"
"10683","DLL3","ENSG00000090932","protein-coding",948.242068507634,-1.93308973649081,-1.62441982978142,0.568642915815805,0.000675143269585417,0.0103936228695521,"down"
"6273","S100A2","ENSG00000196754","protein-coding",16.1944670321657,5.34215904192307,4.29169644568244,1.5744843363093,0.000691422679827267,0.0106082993487961,"up"
"3483","IGFALS","ENSG00000099769","protein-coding",22.6276381864943,-3.09768156824531,-2.5187436735254,0.913107785852274,0.00069268064418303,0.0106216226563589,"down"
"102467003","MIR7851","ENSG00000278520","ncRNA",54.2959527668806,-3.02804344878728,-2.46943101067547,0.892997806705706,0.00069670008469649,0.0106712534321152,"down"
"154141","MBOAT1","ENSG00000172197","protein-coding",790.39465151866,1.56578049176738,1.335074680052,0.462032535943704,0.000701744660245115,0.0107364570240869,"up"
"146754","DNAH2","ENSG00000183914","protein-coding",64.2281805767009,-1.53590454201884,-1.31715843609697,0.453395303847116,0.000705168680867825,0.0107586563599219,"down"
"57731","SPTBN4","ENSG00000160460","protein-coding",64.2108651623579,-2.44644983257303,-2.01763934683285,0.722169964137106,0.000704974490069881,0.0107586563599219,"down"
"101927751","ALDH1A3-AS1","ENSG00000259583","ncRNA",44.8293801432438,2.61803260242993,2.11178014890412,0.773016060636304,0.000707189826996197,0.0107821358046554,"up"
"100616372","MIR4659B","ENSG00000283386","ncRNA",20.1189275118921,-2.5080048002103,-2.05996071689767,0.740586126342241,0.000707868335502155,0.0107821358046554,"down"
"3772","KCNJ15","ENSG00000157551","protein-coding",13.0555622600018,3.547484790879,2.92707680676302,1.04857589037683,0.000716606594128018,0.010896159539501,"up"
"114599","SNORD15B","ENSG00000207445","snoRNA",568.848373081562,-2.6049421177144,-2.1392180242181,0.770324018370223,0.000720600882943622,0.0109329229118391,"down"
"677819","SNORA37","ENSG00000207233","snoRNA",207.426915985938,-2.4918236071011,-2.05167567644392,0.737241562141905,0.000725047462461815,0.0109942680848492,"down"
"348807","CFAP100","ENSG00000163885","protein-coding",111.833660206763,-1.81622855170783,-1.53153641710723,0.537521893561754,0.000727785309441544,0.0110119753659328,"down"
"9424","KCNK6","ENSG00000099337","protein-coding",31.0862551783916,2.89583999960912,2.32124499972406,0.857081334359053,0.000728234726554312,0.0110119753659328,"up"
"112267914","LOC112267914","ENSG00000287326","ncRNA",6.99646154735558,5.618294688155,4.63147246855697,1.66283186992169,0.000728159522103832,0.0110119753659328,"up"
"343035","RD3","ENSG00000198570","protein-coding",176.759252011208,-2.03123096259993,-1.69721270070737,0.601245820817739,0.000729168469906537,0.0110199829066141,"down"
"9159","PCSK7","ENSG00000160613","protein-coding",6125.78745982739,1.80338572290625,1.5130207411564,0.534058449223505,0.000733457584944291,0.0110664015472724,"up"
"8001","GLRA3","ENSG00000145451","protein-coding",38.2590328039729,2.56103295854333,2.09052407238846,0.758562780990412,0.000735038776073862,0.0110841245524766,"up"
"58157","NGB","ENSG00000165553","protein-coding",9.71608878455456,-2.86779034461804,-2.33540252225118,0.849853062770503,0.00073962188290771,0.0111308007717491,"down"
"56853","CELF4","ENSG00000101489","protein-coding",414.218349291613,-1.58327229666373,-1.35124415982511,0.469957792930118,0.000754504611150032,0.0113213063942732,"down"
"100616237","MIR4640","ENSG00000284370","ncRNA",48.2736429236248,-2.60681287109325,-2.13377364729159,0.77438530668476,0.000761839427386382,0.0114250770892532,"down"
"101928929","LOC101928929","ENSG00000235149","ncRNA",80.7045867805531,-1.83121076266093,-1.54212543185112,0.54403088539882,0.000762652841567166,0.0114309879452926,"down"
"92162","TMEM88","ENSG00000167874","protein-coding",230.074615624637,-1.72309952568575,-1.4571879282797,0.512789154604236,0.000778720990411619,0.0116590055368382,"down"
"652966","SNORD10","ENSG00000238917","snoRNA",614.755409535615,-2.64967603039658,-2.16619680705287,0.788989203793992,0.000784185632958807,0.0117086731089753,"down"
"23213","SULF1","ENSG00000137573","protein-coding",2314.87485927272,1.60836373167577,1.36160387038936,0.478956015170305,0.000784911612601749,0.0117130980875611,"up"
"100302275","MIR548L","ENSG00000221230","ncRNA",19.1634682950747,-2.3382690637946,-1.92209100758986,0.69656442898698,0.000788331028528266,0.011751261433458,"down"
"9304","SNORD22","ENSG00000277194","snoRNA",411.719840474379,-2.01939596395514,-1.68287244959645,0.601729399781779,0.000790823236610902,0.0117691073815282,"down"
"64211","LHX5","ENSG00000089116","protein-coding",1745.32788821469,-1.72240461251918,-1.45532452640687,0.513294465422203,0.000791965315845581,0.0117755678848752,"down"
"123103","KLHL33","ENSG00000185271","protein-coding",9.11442315978325,-2.90161036470003,-2.35619238343076,0.86487102706366,0.000793755774103607,0.0117870138481268,"down"
"28514","DLL1","ENSG00000198719","protein-coding",2602.67405964054,-1.83422502387332,-1.5398358395694,0.546948341884456,0.000797786181840087,0.0118404150580774,"down"
"341277","OVCH2","ENSG00000183378","protein-coding",28.7923600932526,2.55077408192152,2.07831874311975,0.760686361727843,0.000798675665499794,0.0118471672166411,"up"
"4661","MYT1","ENSG00000196132","protein-coding",691.78644868426,-1.76119051113655,-1.48445180951789,0.525397259441298,0.000801975383398624,0.0118706185667999,"down"
"56660","KCNK12","ENSG00000184261","protein-coding",239.146283475366,-1.53257070610162,-1.30951763164714,0.457376420220064,0.000805824219953684,0.0119014038639313,"down"
"55423","SIRPG","ENSG00000089012","protein-coding",6.70302408555439,5.5560688613215,4.54564457957012,1.65849169229557,0.000807901560756597,0.0119256243380985,"up"
"4886","NPY1R","ENSG00000164128","protein-coding",336.173030830729,2.24500025411372,1.82370528998279,0.67167411508161,0.000830587503065781,0.0121879104863216,"up"
"9288","TAAR3P","ENSG00000290584","pseudo",12.8792563861123,-3.18418770177259,-2.57517773771795,0.954387306459101,0.000848805874936925,0.0123819386700269,"down"
"10110","SGK2","ENSG00000101049","protein-coding",24.9504657686185,-1.93784963390359,-1.61208304075683,0.581376979482123,0.000858511406237407,0.0125034481728935,"down"
"10468","FST","ENSG00000134363","protein-coding",3007.40291730668,1.68292423651496,1.414458364979,0.505025221804657,0.000861137720070053,0.0125283131269957,"up"
"100616229","MIR4473","ENSG00000263790","ncRNA",49.8120631514531,-2.72489349268764,-2.21267273924436,0.81815606899629,0.000866807616581404,0.0125839418841722,"down"
"8076","MFAP5","ENSG00000197614","protein-coding",28.3444206432223,3.33599411790541,2.62562668007209,1.00169198949554,0.000867340210364639,0.0125849725893462,"up"
"619207","SCART1","ENSG00000214279","protein-coding",149.067280599626,-2.7649684270559,-2.24521223243477,0.830411886821772,0.0008695991791142,0.0126110383081753,"down"
"284751","LINC01270","ENSG00000203999","ncRNA",24.3506624944475,2.16126782148149,1.77706597328956,0.649198449841848,0.000871168702681055,0.0126270832056865,"up"
"414235","DIP2C-AS1","ENSG00000180525","ncRNA",489.758078473835,-2.21941908525538,-1.82847424588255,0.666949182295897,0.000875603166359695,0.0126778782409085,"down"
"102723631","CT45A10","ENSG00000269586","protein-coding",6.67008674025378,5.55036326972157,4.50812210859735,1.66817802108573,0.000877231320579309,0.0126947105755171,"up"
"100133920","LOC100133920","ENSG00000290941","pseudo",13.5302536615349,3.52769425558166,2.85813404091287,1.06050895322376,0.000879704392557775,0.0127169992357875,"up"
"2902","GRIN1","ENSG00000176884","protein-coding",45.5869650590464,-2.30503027274562,-1.89053574642943,0.69339051535786,0.000886443705757427,0.0128076317932011,"down"
"79698","ZMAT4","ENSG00000165061","protein-coding",1291.59798823653,1.53660596856868,1.30247840464407,0.462354373595749,0.000889152723025783,0.0128399681358977,"up"
"3078","CFHR1","ENSG00000244414","protein-coding",12.3073934045154,5.00675116053364,4.09421396948648,1.50757190969085,0.000896731888615353,0.0129152130011669,"up"
"57282","SLC4A10","ENSG00000144290","protein-coding",82.5282492858697,-1.66025335740297,-1.40257628140498,0.500690890892685,0.000913403938450708,0.0130999710562441,"down"
"102723635","LOC102723635","ENSG00000295724","ncRNA",7.06789089497132,5.6256938046995,4.55789465568929,1.69691859285283,0.000915642026580038,0.0131182681096575,"up"
"92979","MARCHF9","ENSG00000139266","protein-coding",444.218431048318,-1.70776156957119,-1.43718729415275,0.515676015757646,0.000927326595638099,0.013264759865413,"down"
"23627","PRND","ENSG00000171864","protein-coding",15.4075687129778,4.39998122452595,3.56395822951703,1.32917008974261,0.000931886425898762,0.0133229950265883,"up"
"105378126","LOC105378126","ENSG00000298440","ncRNA",36.5344680434231,-2.09404973599279,-1.72697792083604,0.632849079538226,0.000936551354416166,0.0133704198019413,"down"
"105370401","TRD-AS1","ENSG00000251002","ncRNA",51.6633286390679,2.85609031416704,2.26295505610125,0.863621291062172,0.000942639829660876,0.0134414917970053,"up"
"407047","MIR9-2","ENSG00000284447","ncRNA",57.2069056700929,-1.98896186966349,-1.64699588303827,0.601774447231386,0.000949216108263993,0.0135211222443623,"down"
"55138","FAM90A1","ENSG00000171847","protein-coding",136.125161989736,-1.67122351163015,-1.4071319190094,0.506124737204281,0.000959983207714198,0.0136388651251276,"down"
"26609","VCX","ENSG00000182583","protein-coding",9.85998920289118,-3.22736009848472,-2.57400424032897,0.977837717347999,0.000965103526311227,0.0136830902451114,"down"
"100847030","MIR548AT","ENSG00000264314","ncRNA",12.2196517995456,-2.69386283162094,-2.1707796107909,0.816946719878491,0.000975577440597793,0.0138172173197186,"down"
"94235","GNG8","ENSG00000167414","protein-coding",198.71423284589,-2.40195608672441,-1.9583644486168,0.728639240399396,0.000978991305117955,0.0138439932275601,"down"
"338917","VSX2","ENSG00000119614","protein-coding",6.35127636012208,-4.25758182585828,-3.38568272271198,1.29154660446406,0.00097898034432736,0.0138439932275601,"down"
"2700","GJA3","ENSG00000121743","protein-coding",6.48093130217061,5.50353826231453,4.43216801597977,1.66961015067704,0.000979668552307523,0.0138463884966886,"up"
"155382","VPS37D","ENSG00000176428","protein-coding",397.120088806037,-1.71642038333386,-1.44053488630392,0.520978372962393,0.00098558478768254,0.0139227894566719,"down"
"100129480","MKRN2OS","ENSG00000225526","protein-coding",176.942691794484,-1.53708654930351,-1.30466939911865,0.46662196784043,0.000987470575070044,0.013934988487945,"down"
"26777","SNORA71A","ENSG00000225091","snoRNA",484.463551423945,-2.44941579424203,-1.99293443225765,0.743709877640327,0.000989448810273377,0.013955681512309,"down"
"56961","SHD","ENSG00000105251","protein-coding",171.734903242442,-1.86118898304125,-1.54887411736012,0.565570915764382,0.000998977565777505,0.0140755164616837,"down"
"728229","TMEM191B","ENSG00000278558","protein-coding",54.804128996396,-1.98203869873848,-1.63736661745087,0.602840072818995,0.00100960987549472,0.0141886616729319,"down"
"51222","ZNF219","ENSG00000165804","protein-coding",5026.71856357476,-1.9041246646815,-1.57809150483045,0.579564831234623,0.00101823734143899,0.0142878141415299,"down"
"677828","SNORA47","ENSG00000238961","snoRNA",91.1171839799764,-2.52548190816189,-2.04586653518114,0.769589871072931,0.00103221920209037,0.0144688284836144,"down"
"100616348","MIR4659A","ENSG00000266038","ncRNA",20.5198918980284,-2.39622167868808,-1.94252610233943,0.730642085140347,0.00103950379681976,0.0145562565570077,"down"
"25789","TMEM59L","ENSG00000105696","protein-coding",218.942897312776,-1.84721240751484,-1.53597116084672,0.563439470089927,0.00104376046636613,0.0145875003882516,"down"
"102546226","LINC02060","ENSG00000250156","ncRNA",17.4500084752229,-2.02353734167154,-1.66727309457713,0.617285410248167,0.00104499945270916,0.0145882565686957,"down"
"219595","FOLH1B","ENSG00000134612","pseudo",25.9944109491254,2.16235473658965,1.76189866369747,0.659899577179828,0.00104993075544411,0.0146370943809868,"up"
"344758","GPR149","ENSG00000174948","protein-coding",150.544921135786,-3.01489892094722,-2.41411296621007,0.921568928079448,0.00106984265216446,0.0148589862804951,"down"
"340602","EZHIP","ENSG00000187690","protein-coding",29.3431877595122,-2.08368397446793,-1.70807272350985,0.637046909384212,0.00107225308460855,0.0148773069204924,"down"
"101927496","GREB1L-DT","ENSG00000265984","ncRNA",15.772039665063,-2.4620489746988,-1.98743546685206,0.75279469789287,0.00107340442759351,0.0148857061617037,"down"
"116337","PANX3","ENSG00000154143","protein-coding",6.2049032006072,5.45274474779278,4.35972617834811,1.66807147132843,0.00107969673667028,0.0149577499128956,"up"
"441317","FAM90A7","ENSG00000285975","protein-coding",17.9098120409396,-3.12793509308054,-2.48856769819012,0.958117197073262,0.00109592232094659,0.0151363860984234,"down"
"406994","MIR212","ENSG00000267195","ncRNA",3.66289021540873,-5.24567416051415,-4.13076328484286,1.60719028111356,0.00109898196837181,0.0151709591826274,"down"
"100423028","MIR4254","ENSG00000266580","ncRNA",26.7417655692168,-3.26071760726707,-2.58760720421744,0.999843654484469,0.00110931004873958,0.0152825816921859,"down"
"407002","MIR219A1","ENSG00000199036","ncRNA",88.5411710933997,-2.18528299127551,-1.78355463180578,0.670582443263187,0.00111891025716913,0.0153915081995253,"down"
"101930593","DNAAF3-AS1","ENSG00000267577","ncRNA",19.870811050856,-2.45160486385803,-1.97915146896794,0.752525703187486,0.00112265509645056,0.01542018732267,"down"
"317719","KLHL10","ENSG00000161594","protein-coding",47.532099451212,-1.58555300159087,-1.33421260470941,0.487074518004973,0.00113289579083209,0.0155368565599829,"down"
"100422995","MIR3175","ENSG00000284324","ncRNA",54.1685097359824,-2.08253167933897,-1.70483038873088,0.639796110322687,0.00113395273800035,0.015539735616927,"down"
"404266","HOXB-AS3","ENSG00000233101","ncRNA",18.0396001169703,5.57605420413738,4.42574911697695,1.71319103026131,0.00113481564015924,0.015539735616927,"up"
"100302218","MIR1285-1","ENSG00000221520","ncRNA",22.9126067040586,-2.49836163119437,-2.01155000885957,0.768322324191753,0.00114712869663057,0.0156768505187649,"down"
"222950","NYAP1","ENSG00000166924","protein-coding",510.941187318283,-1.93745634068897,-1.59750595753002,0.595917971101837,0.00114913672138547,0.0156915954891363,"down"
"9796","PHYHIP","ENSG00000168490","protein-coding",180.826260200977,-1.66940042979502,-1.39574869472433,0.513546934235216,0.00115110691944341,0.0157075971229756,"down"
"9963","SLC23A1","ENSG00000170482","protein-coding",133.910673521071,-1.56487425912531,-1.31858578044117,0.481490676571581,0.00115380097000858,0.0157364830646894,"down"
"693223","MIR638","ENSG00000207972","ncRNA",7.27909471562889,-4.38690000956502,-3.42067990359289,1.35337722603825,0.00118924711944502,0.016115125976416,"down"
"105375170","LOC105375170","ENSG00000289189","ncRNA",121.151986013067,1.97641220196335,1.60640374943822,0.610015642418554,0.00119556144838687,0.0161685453019939,"up"
"2171","FABP5","ENSG00000164687","protein-coding",2608.33327030608,1.51979754895658,1.27667397506248,0.469142936166096,0.00119731405446703,0.0161761993959312,"up"
"101927873","LINC01508","ENSG00000231107","ncRNA",88.3696218820016,1.52617020117728,1.28397729667333,0.471436110242512,0.00120675384556342,0.0162875924977431,"up"
"101928991","CCDC92B","ENSG00000277200","protein-coding",70.4438958178109,-2.15398785516565,-1.75296509037268,0.666361143436937,0.00122727954332057,0.0165155722947147,"down"
"100616452","MIR2682","ENSG00000284247","ncRNA",68.7710427288005,-2.28873008572262,-1.8511290390565,0.709027378731926,0.0012466530044782,0.0167432253764008,"down"
"10878","CFHR3","ENSG00000116785","protein-coding",7.3361804821631,5.69035004691312,4.48044858735611,1.7632886048485,0.00125041489530903,0.0167818173244236,"up"
"799","CALCR","ENSG00000004948","protein-coding",19.8898526116751,2.72112196174654,2.16893975482376,0.843448342054464,0.00125451422407199,0.0168156714872658,"up"
"727800","RNF208","ENSG00000212864","protein-coding",116.089258404147,-1.52514861782877,-1.28476097963745,0.47310263854055,0.00126538758980247,0.0169198269977316,"down"
"105369897","LINC02823","ENSG00000258100","ncRNA",12.4967613433245,3.50005782625531,2.80748483075926,1.08577950136535,0.00126614914632554,0.0169217109438331,"up"
"100128511","NEBL-AS1","ENSG00000231920","ncRNA",18.194581169086,-2.8788971428578,-2.28343611709331,0.893226732821165,0.00126841977746131,0.0169316687167664,"down"
"114824","PNMA5","ENSG00000198883","protein-coding",7.93628337467225,-3.69557330780463,-2.89162025397515,1.14664149692094,0.00126875730591086,0.0169316687167664,"down"
"1297","COL9A1","ENSG00000112280","protein-coding",2045.91459932226,-1.86593866565329,-1.53672170109254,0.579035576715499,0.00127079831932329,0.0169506092847506,"down"
"9966","TNFSF15","ENSG00000181634","protein-coding",6.24990994787926,5.46036272289574,4.2994330409679,1.69463388727842,0.00127232993397948,0.016962740009788,"up"
"100874131","ZBTB20-AS4","ENSG00000242767","ncRNA",33.2027659768854,-2.85574018060636,-2.26645902352589,0.886956710296273,0.0012832195540433,0.0170745231436977,"down"
"100505540","SLIT1-AS1","ENSG00000234855","ncRNA",26.2036918636488,-1.9217933572538,-1.57773767643146,0.596860492830584,0.00128263610221662,0.0170745231436977,"down"
"4286","MITF","ENSG00000187098","protein-coding",128.003815576553,1.63120096216634,1.35523328388137,0.506951327889528,0.00129237407974643,0.0171711924513678,"up"
"2697","GJA1","ENSG00000152661","protein-coding",4680.32416635606,1.53973545164691,1.28724973994552,0.478814614034953,0.00130116088802593,0.0172795179986064,"up"
"139596","UPRT","ENSG00000094841","protein-coding",920.185159525524,1.61313344395962,1.33915044463655,0.502031711169026,0.00131260160679154,0.0174060166379205,"up"
"100130231","LINC00861","ENSG00000245164","ncRNA",11.5198789689489,4.91268609761612,3.93764002367894,1.53079307108694,0.00133085220312163,0.0175966801483551,"up"
"5801","PTPRR","ENSG00000153233","protein-coding",55.9749134250602,2.4365038680284,1.91922470073998,0.759249145651912,0.00133152738020779,0.0175970734338271,"up"
"7043","TGFB3","ENSG00000119699","protein-coding",369.861625859189,1.64445721294128,1.3598249120472,0.512947863039431,0.00134642905636072,0.0177767756864982,"up"
"159686","CFAP58","ENSG00000120051","protein-coding",63.1916886660345,1.83632332023465,1.50291878983344,0.572849128553132,0.001347827145393,0.0177866211481097,"up"
"730091","LINC00886","ENSG00000240875","ncRNA",36.447432935146,1.6235023926402,1.35212301812845,0.507107373822802,0.00136715820080022,0.0179981657105829,"up"
"107984273","LOC107984273","ENSG00000285587","ncRNA",33.4555176313424,-1.73587008316819,-1.43579396168256,0.542440939858355,0.00137375667846839,0.0180763040935146,"down"
"286184","LINC01289","ENSG00000253734","ncRNA",70.7886720890786,-1.50878607026003,-1.26867782026717,0.471702664272717,0.00138098733159195,0.0181539241121133,"down"
"8450","CUL4B","ENSG00000158290","protein-coding",7792.78649401384,1.60095962452565,1.3304121373927,0.501121811703489,0.00139951321086199,0.0183532122082449,"up"
"25797","QPCT","ENSG00000115828","protein-coding",120.74593967612,2.16205528447965,1.72277761546742,0.67697679540242,0.00140465960607141,0.0183853286125449,"up"
"8763","CD164","ENSG00000135535","protein-coding",4120.47681843128,1.62187679309452,1.34155954394484,0.508023879443759,0.00141036795206353,0.0184334956112464,"up"
"103752586","BIRC6-AS2","ENSG00000290864","ncRNA",37.9812737677028,-1.57337886810545,-1.31370965183703,0.492872678106151,0.00141163079020929,0.0184411604524514,"down"
"257407","C2orf72","ENSG00000204128","protein-coding",44.7975400884924,-1.85387448486135,-1.52031232152476,0.580849172934385,0.00141456547700504,0.0184706480675601,"down"
"64377","CHST8","ENSG00000124302","protein-coding",79.9685550948685,-1.84493461322231,-1.51509970902339,0.578375563604535,0.00142343827455902,0.0185687182380752,"down"
"152225","RDUR","ENSG00000214407","ncRNA",5.91272468655794,5.3692279116957,4.17653802365875,1.68444741176736,0.00143493202359578,0.0186918235505568,"up"
"23563","CHST5","ENSG00000135702","protein-coding",89.3834270863075,-1.55540691988518,-1.30026233627251,0.488722849858289,0.00145961601432693,0.0189319557633727,"down"
"8718","TNFRSF25","ENSG00000215788","protein-coding",217.776634774775,-1.80456203716459,-1.4838599752114,0.567041298239037,0.00146051219097978,0.018934571742688,"down"
"5314","PKHD1","ENSG00000170927","protein-coding",48.1619722552097,1.62626252528994,1.34512075613825,0.511972159997839,0.00149080896063103,0.0192208225980551,"up"
"388165","UBE2Q2P1","ENSG00000291027","pseudo",564.984646656584,-2.25194560876651,-1.80882532727283,0.709264809253062,0.00149814778623149,0.0192940487689255,"down"
"121340","SP7","ENSG00000170374","protein-coding",13.0034566599944,3.12965652950569,2.48684343256792,0.986315782409347,0.00150832196731849,0.019415906570808,"up"
"9249","DHRS3","ENSG00000162496","protein-coding",19.1113258862339,-2.10655578929166,-1.6962554784353,0.664227227239417,0.00151685991950061,0.0195073909647475,"down"
"55384","MEG3","ENSG00000214548","ncRNA",279.388110757307,-2.22644013249084,-1.78949708616583,0.702059014251797,0.00151758045162269,0.0195074556497129,"down"
"7054","TH","ENSG00000180176","protein-coding",127.490395943137,-2.08337189976753,-1.68445981439483,0.656984912555754,0.00151857250137127,0.0195110088017843,"down"
"101927727","LOC101927727","ENSG00000262003","ncRNA",55.5936778169633,-1.97492324540604,-1.60338258143781,0.623150076905492,0.00152828769781797,0.0196173426522171,"down"
"105371366","LOC105371366","ENSG00000260788","ncRNA",17.9284732981677,2.80982371117828,2.21942328028341,0.886810648700175,0.00153249047492607,0.0196620330862985,"up"
"55321","TMEM74B","ENSG00000125895","protein-coding",108.032002101313,-1.87870674175585,-1.5336118543232,0.593569958989387,0.00155031037872651,0.0198719615259049,"down"
"84222","TMEM191A","ENSG00000291085","pseudo",19.3333962514223,-1.85565916095031,-1.51366289302038,0.586443231280401,0.00155477558337948,0.0199198315344258,"down"
"55698","RADIL","ENSG00000157927","protein-coding",626.681575143306,-1.77581882045983,-1.45824025027299,0.561404476524907,0.00156060194569629,0.0199757049049125,"down"
"100616318","MIR4664","ENSG00000265660","ncRNA",26.6359788511709,-3.29775760932927,-2.56238422125801,1.04303531449648,0.0015685475497335,0.0200679870464261,"down"
"6772","STAT1","ENSG00000115415","protein-coding",3945.78373702816,1.5072947775878,1.25652911154688,0.477089981957059,0.00158120854748332,0.0202015322580061,"up"
"130399","ACVR1C","ENSG00000123612","protein-coding",18.2420614517342,2.64030074322492,2.09298178098364,0.83590524244861,0.00158522115512352,0.0202243657338735,"up"
"23542","MAPK8IP2","ENSG00000008735","protein-coding",2690.29317343075,-2.04406076962522,-1.65029423056673,0.647376569523263,0.00159154162122961,0.0202860171861637,"down"
"5069","PAPPA","ENSG00000182752","protein-coding",3014.0200577504,1.74765262920609,1.42177317845684,0.553547512822068,0.00159299530030498,0.0202950578820163,"up"
"26781","SNORA67","ENSG00000277985","snoRNA",238.376304614218,-1.94840857719317,-1.58235687959424,0.617513089837889,0.00160360275145619,0.0203835819478594,"down"
"100874291","ALMS1-IT1","ENSG00000230002","ncRNA",151.363416168497,-1.85640122797533,-1.51488136355961,0.588727357911305,0.00161466576340011,0.020475463894577,"down"
"677771","SCARNA4","ENSG00000281394","ncRNA",125.258895995278,-2.8603570741074,-2.24429872846913,0.907102738074824,0.0016144189851508,0.020475463894577,"down"
"10800","CYSLTR1","ENSG00000173198","protein-coding",5.90993559261847,5.38227622040207,4.13168243638464,1.70727037527771,0.00161844281928509,0.0205138191654991,"up"
"100507477","LINC02941","ENSG00000236013","ncRNA",21.5884812038162,2.92576867526,2.27930067681576,0.928411168108766,0.00162505543228086,0.020578925143872,"up"
"107986838","LOC107986838","ENSG00000237813","ncRNA",15.4117548352046,3.32447991097016,2.57506344367321,1.05586096342596,0.0016405666554607,0.020698014481481,"up"
"4166","CHST6","ENSG00000183196","protein-coding",722.874855069296,-1.64909424486226,-1.36310632002956,0.523871460823807,0.00164448720781458,0.020728293681857,"down"
"730","C7","ENSG00000112936","protein-coding",13.4683539908996,3.53235078546296,2.74528213024853,1.12249700904,0.00165029009552006,0.0207918249372731,"up"
"10071","MUC12","ENSG00000205277","protein-coding",113.845681843722,-1.59907553192194,-1.32318040969658,0.508436655313493,0.00166039659055301,0.0208805593380246,"down"
"10864","SLC22A7","ENSG00000137204","protein-coding",25.5739501491047,-1.99305632931819,-1.60723009451566,0.634504545273312,0.00168301778641934,0.0210969181282468,"down"
"338785","KRT79","ENSG00000185640","protein-coding",8.56058002522535,5.90195888401499,4.46126271062438,1.87892194334805,0.00168290949291652,0.0210969181282468,"up"
"81501","DCSTAMP","ENSG00000164935","protein-coding",11.4396153935013,4.90036149629711,3.86546311889357,1.56067709319081,0.00169008659580535,0.0211660638254649,"up"
"113278","SLC52A3","ENSG00000101276","protein-coding",9.73195535532624,6.09445673359652,0.606703146784249,1.94260216518424,0.00170532232102818,0.0212872421782278,"up"
"5544","PRB3","ENSG00000197870","protein-coding",25.4726813437257,-2.03998412104095,-1.63898229663031,0.650314853366774,0.0017073409287138,0.0212941185180481,"down"
"7071","KLF10","ENSG00000155090","protein-coding",1391.05246550973,1.63345771100956,1.33722838373494,0.520924838230714,0.00171451557756914,0.0213445446149977,"up"
"57338","JPH3","ENSG00000154118","protein-coding",441.711201389137,-1.65233677390384,-1.36315619112573,0.527003240530121,0.00171652334590248,0.0213597866283365,"down"
"284677","SNHG28","ENSG00000188004","ncRNA",25.3620347561379,2.59285997607641,2.01622594267509,0.827598114844397,0.00173032945166476,0.0214692159815043,"up"
"404217","CTXN1","ENSG00000178531","protein-coding",7334.82213039387,-2.32577734136697,-1.8411922314981,0.742576604281564,0.00173598042935486,0.0214922883224649,"down"
"196500","PIANP","ENSG00000139200","protein-coding",733.107028040209,-1.50174144804131,-1.25294701102586,0.479529779162479,0.0017379978719423,0.0214994437298706,"down"
"102724047","WWOX-AS1","ENSG00000260969","ncRNA",46.0859894168954,-1.80160358143062,-1.4683843125767,0.575664270361232,0.00175039636667862,0.0215842634740506,"down"
"646023","ADORA2A-AS1","ENSG00000178803","ncRNA",47.6340080840076,-2.13374239696025,-1.70603704986346,0.682289794257121,0.00176404394159826,0.0217034720323714,"down"
"7732","RNF112","ENSG00000128482","protein-coding",49.6011004717376,-1.83578111300087,-1.49186996681948,0.587127220171621,0.0017676953290035,0.0217385861298834,"down"
"345611","IRGM","ENSG00000237693","protein-coding",46.0815654348693,2.35693837159102,1.82688436728367,0.754029680584561,0.00177328182976244,0.0217930644808681,"up"
"284805","C20orf203","ENSG00000198547","protein-coding",23.9687966651182,-2.53378479011178,-1.99158881017554,0.810625247457312,0.00177372396137934,0.0217930644808681,"down"
"57491","AHRR","ENSG00000063438","protein-coding",361.728539836235,1.65951367261414,1.35247216948256,0.531398543491144,0.00179068092572204,0.021961819504672,"up"
"80832","APOL4","ENSG00000100336","protein-coding",314.670331514273,2.04642820112587,1.61270104162354,0.65552675191336,0.00179744546869044,0.0220218254318293,"up"
"104968399","MYL12-AS1","ENSG00000264235","ncRNA",1738.94858533919,1.55627442565451,1.28063787375456,0.498702927342112,0.00180455888147794,0.0220625530693339,"up"
"105375146","LOC105375146","ENSG00000235431","ncRNA",5.7554970149719,5.33787197818515,4.04220711439438,1.71109335272503,0.00181116482983447,0.0221135682582208,"up"
"57624","NYAP2","ENSG00000144460","protein-coding",97.7298157338403,-1.56547150031025,-1.29765090041732,0.50185064092376,0.00181221465029413,0.0221164817482628,"down"
"139728","PNCK","ENSG00000130822","protein-coding",119.680011271697,-1.79022114741406,-1.45887731646245,0.574152486241975,0.00182068067570891,0.0221900035505265,"down"
"400804","LINC02817","ENSG00000234754","ncRNA",11.8465648173553,3.33588134373069,2.60090407826077,1.0700144534133,0.00182327603112998,0.0222117058591277,"up"
"23145","SSPOP","ENSG00000197558","pseudo",467.057924319438,-2.14555508966862,-1.7135149693366,0.688452205004326,0.00183017276941402,0.0222758171362964,"down"
"6300","MAPK12","ENSG00000188130","protein-coding",1024.6762944919,-1.57512591244247,-1.30297809423941,0.505577537705717,0.00183634464800732,0.0223165468775899,"down"
"50632","CALY","ENSG00000130643","protein-coding",60.415049628704,-1.85903746332165,-1.50613647487683,0.596805830491762,0.00183958179250606,0.0223305244839204,"down"
"79132","DHX58","ENSG00000108771","protein-coding",17.7682222168223,3.22861927862015,2.46486646713919,1.03725446167146,0.00185410205081939,0.0224615345562997,"up"
"101927034","ROR1-AS1","ENSG00000223949","ncRNA",47.0823208063159,-1.84349941919393,-1.49356716061694,0.592729795587562,0.00186970094021623,0.0226256220302065,"down"
"105374003","LOC105374003","ENSG00000240476","ncRNA",21.8925346274185,2.03953836992986,1.61664318988693,0.656694721223726,0.00189788564724148,0.0229056902551535,"up"
"60489","APOBEC3G","ENSG00000239713","protein-coding",49.8332653009936,1.60801623301617,1.31609961689364,0.517866742281966,0.00190229343764744,0.0229284386755172,"up"
"2532","ACKR1","ENSG00000213088","protein-coding",39.787427806042,-1.82003817985556,-1.47472485473703,0.586402475443806,0.00191094085248261,0.0230123195238895,"down"
"105369301","CLDN14-AS1","ENSG00000230479","ncRNA",14.4591754563851,4.19266702675036,3.18311546260493,1.35186488376861,0.00192611151240766,0.0231541024137048,"up"
"100313887","MIR2277","ENSG00000284336","ncRNA",89.9098019539894,-2.0864459530029,-1.66448686947231,0.673751816691462,0.00195649891991594,0.0234470270560827,"down"
"8497","PPFIA4","ENSG00000143847","protein-coding",131.132912185158,-1.65091189116228,-1.3517962509762,0.5349286110895,0.00202713019920974,0.0241449007213868,"down"
"3133","HLA-E","ENSG00000204592","protein-coding",1306.60145199592,1.60842640765142,1.30830096231745,0.521286986010737,0.00203216237980678,0.0241837080414893,"up"
"255031","LINC00957","ENSG00000235314","ncRNA",59.2047694601361,-2.03878336897692,-1.62614447390375,0.660806177834027,0.00203348931015747,0.0241889409040722,"down"
"374739","TEPP","ENSG00000159648","protein-coding",35.6963496556557,-1.77600527346745,-1.43811324437552,0.575671997089783,0.00203484206191599,0.0241944762215777,"down"
"11185","INMT","ENSG00000241644","protein-coding",24.9312433814375,-2.41238831727188,-1.88823777828692,0.782131623427189,0.00203979350089553,0.0242216594113309,"down"
"401024","FSIP2","ENSG00000188738","protein-coding",1667.08151959342,1.71572666804998,1.38193334072022,0.556400226492474,0.00204498863393698,0.0242622150198685,"up"
"1310","COL19A1","ENSG00000082293","protein-coding",119.722688071739,1.76164331439746,1.41492002094519,0.571360916133912,0.00204759365180638,0.0242825547293819,"up"
"105377411","LOC105377411","ENSG00000286251","ncRNA",10.5848625493453,3.83504194572033,3.01254086967566,1.24395914433834,0.00204971713084539,0.024297168632769,"up"
"10437","IFI30","ENSG00000216490","protein-coding",11.1458764646053,3.81310078264971,2.95060901470572,1.23704097454622,0.00205313233623922,0.0243270751913194,"up"
"219525","OR5AK4P","ENSG00000283307","pseudo",11.9023657183343,3.42802834032202,2.66704277301186,1.11228553052623,0.00205636986893695,0.0243548514798857,"up"
"256130","TMEM196","ENSG00000173452","protein-coding",214.792361985277,-1.88587738609416,-1.51871753757551,0.61218049946617,0.00206590612153706,0.0244571708630423,"down"
"339524","LINC01140","ENSG00000267272","ncRNA",53.8695284837294,1.66483697545495,1.35059490672785,0.540862097455498,0.0020831290569098,0.0246396662071968,"up"
"374875","HSD11B1L","ENSG00000167733","protein-coding",427.734577519838,-1.64167511817164,-1.34358961446162,0.533463606012571,0.00208822482830101,0.0246728470322193,"down"
"139231","FAM199X","ENSG00000123575","protein-coding",3975.41763049657,1.57222509502105,1.28192377202982,0.511770273624719,0.00212536745118786,0.0250740018127157,"up"
"149684","LOC149684","ENSG00000285347","ncRNA",5.46300437126771,5.25440955993464,3.89199482301136,1.71149466279176,0.0021400812846573,0.0252091170995946,"up"
"730755","KRTAP2-3","ENSG00000212724","protein-coding",6.30554011199658,5.46616134770577,4.02400011796452,1.78165692266358,0.0021548127473335,0.0253446137805438,"up"
"135154","SDHAF4","ENSG00000154079","protein-coding",994.910570618971,-2.07063672171564,-1.6439122103336,0.675511138664696,0.0021745990883413,0.0255105256506758,"down"
"116","ADCYAP1","ENSG00000141433","protein-coding",504.664193801663,-1.92626863518219,-1.54270083151743,0.628437364293586,0.00217544823183508,0.0255105256506758,"down"
"90865","IL33","ENSG00000137033","protein-coding",106.776210933065,2.90290596437504,2.1125699579572,0.947638623321706,0.00218906951943921,0.0256259301751785,"up"
"100422835","MIR3183","ENSG00000264429","ncRNA",10.3019593401419,-4.06557977941535,-3.04120707650778,1.32730013035124,0.0021909724698643,0.0256371988920087,"down"
"406979","MIR19A","ENSG00000284204","ncRNA",36.7035796483762,-1.9813785102715,-1.57824342591241,0.646936440861773,0.0021934273522409,0.0256549134841253,"down"
"6373","CXCL11","ENSG00000169248","protein-coding",5.79230944119472,5.35150638719583,3.93904075835038,1.74813061383149,0.00220397476965147,0.0257341191091125,"up"
"101805492","CASC9","ENSG00000249395","ncRNA",128.448683071356,1.50847986602978,1.23891079825472,0.493063973624439,0.00221780897210957,0.0258734890096685,"up"
"25928","SOSTDC1","ENSG00000171243","protein-coding",219.486994272156,1.9000054207585,1.49669838198207,0.621477885321273,0.00223387294275984,0.0260497484651002,"up"
"83541","FAM110A","ENSG00000125898","protein-coding",664.147760128235,-1.74649121724345,-1.41276821377751,0.571856225869238,0.00225756405134799,0.0262698362338675,"down"
"1953","MEGF6","ENSG00000162591","protein-coding",1320.62598444611,-2.19116716561793,-1.72432682723331,0.717690656719445,0.00226505360507268,0.0263457429559307,"down"
"100302223","MIR1302-8","ENSG00000221269","ncRNA",17.0482766941596,-2.22050214842587,-1.735083767155,0.728179461016813,0.00229307657206371,0.0266035913449979,"down"
"54084","TSPEAR","ENSG00000175894","protein-coding",39.1030047770076,-1.70811907468695,-1.38127582847815,0.561048201426669,0.00233056623282916,0.0269925903873637,"down"
"3049","HBQ1","ENSG00000086506","protein-coding",24.4196051603391,-2.71695293587902,-2.08368344884328,0.892763944634336,0.00233995074033012,0.0270667870107596,"down"
"6451","SH3BGRL","ENSG00000131171","protein-coding",8034.31476670779,1.65459785131964,1.33055681585622,0.544229268455251,0.00236374897031804,0.027295744145172,"up"
"100302139","MIR1537","ENSG00000222831","ncRNA",12.8009172901921,-3.54088650037349,-2.64700866647558,1.16717339926132,0.00241552191252899,0.0277058432575475,"down"
"339988","LINC02481","ENSG00000246526","ncRNA",18.9615909803577,-2.05318365706543,-1.61971619194886,0.676997423910972,0.00242312883926661,0.02778140650705,"down"
"389336","C5orf46","ENSG00000178776","protein-coding",6.00485314724316,5.39529954284469,3.89991342339504,1.77913173095939,0.00242499805139255,0.0277911504300826,"up"
"100126323","MIR924","ENSG00000283615","ncRNA",4.44574618193032,-4.80823014822872,-3.61675015962082,1.58641857889445,0.00243849363054909,0.027922339497392,"down"
"102724434","LOC102724434","ENSG00000237870","ncRNA",10.9912829280794,3.6965788290845,2.7834168208451,1.21977743796099,0.00244120486345096,0.0279416496209601,"up"
"64102","TNMD","ENSG00000000005","protein-coding",12.7984336553338,3.12752343586463,2.39674257713847,1.03223705769216,0.00244675234292918,0.027969918606969,"up"
"101929225","MCM8-AS1","ENSG00000278719","ncRNA",164.562317492144,-2.1089503661546,-1.6589119494774,0.696461424788932,0.00246101867899053,0.0280976604958115,"down"
"267020","ATP5MGL","ENSG00000249222","protein-coding",31.8743963536011,-2.60831847760088,-1.99993528968246,0.86170752821831,0.00247060542912009,0.0281717216309202,"down"
"6507","SLC1A3","ENSG00000079215","protein-coding",3458.35879352826,1.95449715525747,1.51814702430591,0.646150857200837,0.00248772077210944,0.0283102181665621,"up"
"100526761","CCDC169-SOHLH2","ENSG00000250709","protein-coding",12.9579934867482,2.67468553520143,2.05028171624899,0.884182744261644,0.00248602694852299,0.0283102181665621,"up"
"100302219","MIR1245A","ENSG00000221502","ncRNA",5.0092595451505,5.13660467748751,3.72624827383081,1.69837369346083,0.00249105829597941,0.0283102181665621,"up"
"100616324","MIR1245B","ENSG00000283238","ncRNA",5.0092595451505,5.13660467748751,3.72624827383081,1.69837369346083,0.00249105829597941,0.0283102181665621,"up"
"80201","HKDC1","ENSG00000156510","protein-coding",36.3321860039144,2.68174190367318,1.9870812921268,0.887470898172535,0.00251293024495192,0.0285112485220013,"up"
"158035","LINC00032","ENSG00000291187","ncRNA",42.7176254290983,-1.72037392476468,-1.38504344292278,0.570277569825458,0.00255516595233806,0.028930251048399,"down"
"79853","TM4SF20","ENSG00000168955","protein-coding",34.8427523655556,-1.5349259786213,-1.25317633079194,0.510942779419063,0.0026636300416216,0.029971609349885,"down"
"283229","CRACR2B","ENSG00000177685","protein-coding",125.118073059938,-2.31812293600292,-1.79415680634778,0.771808073950466,0.00266896519675405,0.0300179844906206,"down"
"6060","RNU1-4","ENSG00000207389","snRNA",11253.8891597919,-1.95569520286229,-1.5415195753934,0.651352257346463,0.00267758399510762,0.030069773857774,"down"
"9674","KIAA0040","ENSG00000235750","protein-coding",44.3126773094633,1.89396668673655,1.48936745851624,0.630804684839634,0.00267805975931864,0.030069773857774,"up"
"3664","IRF6","ENSG00000117595","protein-coding",10.6650298081218,3.84246326194471,2.94872593915272,1.27981526528159,0.00267897156325312,0.030069773857774,"up"
"57611","ISLR2","ENSG00000167178","protein-coding",6722.59484434578,-1.5571488892517,-1.26458358553582,0.518784710889702,0.00268624840949262,0.0301142584853646,"down"
"8857","FCGBP","ENSG00000275395","protein-coding",117.898942470937,-1.89099673755836,-1.49953509875824,0.630181203791803,0.00269342957066075,0.03016995226561,"down"
"100847086","MIR5699","ENSG00000263511","ncRNA",21.1955834908847,-2.60629563675495,-1.98094276361771,0.869085040988289,0.00270959797233483,0.0303136968066216,"down"
"677779","LINC00488","ENSG00000214381","ncRNA",25.3456459796964,-1.86020529973893,-1.47694251303664,0.620332848606642,0.00271115221594905,0.0303186439768806,"down"
"373861","H1-9P","ENSG00000253730","pseudo",7.87598267507645,5.78246832003327,0.601161185420415,1.92903295523158,0.00272114969212789,0.0303930459672981,"up"
"26870","RNU1-2","ENSG00000207005","snRNA",11248.7509509652,-1.95815843244678,-1.54168811578576,0.653289670447391,0.00272309620541408,0.0304023320820677,"down"
"340390","WDR97","ENSG00000179698","protein-coding",112.086082345697,-1.73961388637479,-1.39331971849078,0.580723135194571,0.00273905995866859,0.0305292900877853,"down"
"774","CACNA1B","ENSG00000148408","protein-coding",499.87035466221,-1.55270128821791,-1.26396188546861,0.518715210215114,0.0027592419582498,0.0306380067491647,"down"
"101927229","LINC01929","ENSG00000267013","ncRNA",5.23866659219295,5.19798349118214,3.6895556669523,1.73740904470312,0.00277336264877843,0.0307619850513812,"up"
"6770","STAR","ENSG00000147465","protein-coding",71.5775398269648,-1.50315723453582,-1.22790355258348,0.502737727954131,0.0027902935802625,0.0309246195822263,"down"
"286077","FAM83H","ENSG00000180921","protein-coding",584.894618873316,-2.20465380555516,-1.71080195423593,0.737669537535174,0.00280190862943841,0.031028122206746,"down"
"28626","TRBJ2-3","ENSG00000211767","other",6.97668734389125,5.60664590627642,0.772880021104973,1.88064221754996,0.00287083656818159,0.0315734119382424,"up"
"221914","GPC2","ENSG00000213420","protein-coding",3973.72500194045,-1.64786946961096,-1.32459592822715,0.553309530704887,0.0028994154555315,0.0317736594781854,"down"
"5303","PIN4","ENSG00000102309","protein-coding",1120.23131520032,1.52329734692339,1.22818564749455,0.512024325886687,0.00292941959577856,0.0320239357896177,"up"
"65998","ZFTA","ENSG00000188070","protein-coding",3808.75788930847,-1.81692618082979,-1.44187117919096,0.611231015378145,0.002953191177881,0.0322321073954154,"down"
"406991","MIR21","ENSG00000284190","ncRNA",14.9806022810559,2.35737006919765,1.79533776268228,0.793325966233886,0.00296346488925918,0.032318362696305,"up"
"6692","SPINT1","ENSG00000166145","protein-coding",59.2209953968565,2.14735323867178,1.61311342539448,0.723276262801656,0.00298843176523541,0.0325255902783945,"up"
"10627","MYL12A","ENSG00000101608","protein-coding",4939.5993630717,1.63938648242104,1.30399904762874,0.552282010470245,0.00299367607265656,0.0325696665781758,"up"
"101927704","MIR3663HG","ENSG00000234474","ncRNA",40.4131574385726,2.13019302241925,1.62491916192895,0.718959589894677,0.00304772560577845,0.0330066100572601,"up"
"5542","PRB1","ENSG00000251655","protein-coding",14.238513697798,-2.84345119341826,-2.1196138330636,0.959711674269091,0.00304836576159701,0.0330066100572601,"down"
"101927279","EP300-AS1","ENSG00000231993","ncRNA",54.7127874423449,-1.59171963629068,-1.28281298079866,0.537432352166295,0.00305934187607469,0.0331123052438667,"down"
"5600","MAPK11","ENSG00000185386","protein-coding",2296.54518440676,-1.63842219443585,-1.31439877980256,0.553716213415505,0.00308682661033285,0.0333435977433102,"down"
"56180","MOSPD1","ENSG00000101928","protein-coding",529.19661490432,1.60820474443606,1.27804041614052,0.5435460574996,0.00308911989708132,0.0333551544055545,"up"
"84440","RAB11FIP4","ENSG00000131242","protein-coding",589.970117274112,-1.51876549440302,-1.23302704159005,0.513430120313905,0.00309565442192616,0.0333992568893529,"down"
"100302127","MIR1470","ENSG00000269782","ncRNA",3.68704364572988,-5.23053318642115,-3.61181117661643,1.76873179976738,0.00310424190955452,0.0334709193578634,"down"
"100500893","MIR3663","ENSG00000266782","ncRNA",11.2493691372427,3.93315136872869,2.95759501374945,1.33015686609418,0.00310740902111811,0.0334730934617796,"up"
"114818278","ZNF71-SMIM17","ENSG00000293626","ncRNA",202.962507342861,-1.69627047028793,-1.35356536054085,0.574197807166118,0.0031352446129657,0.0336736463088803,"down"
"339896","GADL1","ENSG00000144644","protein-coding",10.6125634977958,3.84195771524356,2.90175295182084,1.30109619386343,0.00314842515859081,0.0337613102016575,"up"
"100873986","FGF12-AS1","ENSG00000231383","ncRNA",16.9350916795704,2.982278184241,2.1998916808727,1.01046800604994,0.00316354282839018,0.0338903071407583,"up"
"105378220","MARCOL","ENSG00000248109","protein-coding",5.63733372851509,-3.64438456640479,-2.64732428054493,1.23508031907051,0.00317027222011566,0.0339224104431842,"down"
"101927293","LOC101927293","ENSG00000225096","ncRNA",30.5946815598416,1.89992159295074,1.46942200055764,0.644050796899174,0.00317819059344063,0.0339804660155159,"up"
"284656","EPHA10","ENSG00000183317","protein-coding",53.03494499797,-1.5710726530321,-1.26545546219493,0.5328043027825,0.0031912791254924,0.034063239959547,"down"
"83482","SCRT1","ENSG00000261678","protein-coding",746.461575877197,-1.61767687375528,-1.29855819930154,0.54872568443159,0.00319773801107668,0.0340958659108309,"down"
"105373780","LOC105373780","ENSG00000283839","ncRNA",53.4970084661937,-1.576079876851,-1.26723700641991,0.535625092260401,0.00325567812327228,0.0345918972536615,"down"
"154790","CLEC2L","ENSG00000236279","protein-coding",16.7467635529259,-2.27814495817502,-1.73207323092518,0.77436396095355,0.0032614591485841,0.0346047238834279,"down"
"6456","SH3GL2","ENSG00000107295","protein-coding",153.250069402066,-1.6259251468134,-1.30353538785505,0.55296129734663,0.00327793097145367,0.0347200893573089,"down"
"5121","PCP4","ENSG00000183036","protein-coding",61.1769832498085,1.86117930911751,1.43799843050724,0.633198236012149,0.00328921419186254,0.0347720572807058,"up"
"105376944","LOC105376944","ENSG00000189229","ncRNA",17.8414595586804,2.32726187649027,1.75961492120203,0.791843868102221,0.00329229139807525,0.0347910979368696,"up"
"102724691","MRPS9-AS2","ENSG00000224509","ncRNA",26.2403560554204,-2.30109449746183,-1.74964161233221,0.783123899745653,0.00329961041746262,0.0348338702129539,"down"
"346653","GARIN1A","ENSG00000205085","protein-coding",288.10869836661,-1.66193945803908,-1.32596850080256,0.566031408016897,0.00332339445402252,0.0350382932693232,"down"
"440836","ODF3B","ENSG00000177989","protein-coding",81.5429393253097,-2.29165828933423,-1.74645455081449,0.780931444057613,0.00334064922103601,0.0351929908664319,"down"
"84501","SPIRE2","ENSG00000204991","protein-coding",688.634621700783,-1.74860129395127,-1.38323821840755,0.595960842094372,0.00334529820379666,0.0352283546652422,"down"
"5443","POMC","ENSG00000115138","protein-coding",34.9521166814004,-2.27878829904679,-1.73373126970197,0.777587912992532,0.00338323265914335,0.035545454804965,"down"
"4185","ADAM11","ENSG00000073670","protein-coding",92.03778354036,-1.52510692463857,-1.23094777085803,0.520476753772852,0.00338731460826181,0.0355609339544282,"down"
"388325","SCIMP","ENSG00000161929","protein-coding",80.6507420665514,-1.58440653453264,-1.2705676482946,0.540899624064774,0.00339828899331016,0.0356349811975416,"down"
"23409","SIRT4","ENSG00000089163","protein-coding",2383.61564751796,-2.27283184216805,-1.73070953170378,0.776417348003311,0.00341883011088681,0.035836595210772,"down"
"729420","LMO7DN","ENSG00000178734","ncRNA",6.16385103486065,-3.08909605240443,-2.27284444888226,1.05602143674943,0.00344211708875835,0.0360668256371667,"down"
"101954271","RNU6-9","ENSG00000207507","snRNA",63.667293318679,-1.62554772233698,-1.29535900142367,0.555884250884317,0.00345280922567005,0.036151071708398,"down"
"283537","SLC46A3","ENSG00000139508","protein-coding",93.261210659498,1.78837622678326,1.38872323417369,0.611772426324307,0.00346375570717356,0.0362107850347052,"up"
"147741","ZNF560","ENSG00000198028","protein-coding",19.1651850295173,-1.87141998725349,-1.4586506652469,0.640161909998221,0.00346282392331417,0.0362107850347052,"down"
"216","ALDH1A1","ENSG00000165092","protein-coding",10.2727453916211,4.68069054050354,3.35799863747612,1.60131508739409,0.00346644158447757,0.0362242481254107,"up"
"101927908","LOC101927908","ENSG00000253469","ncRNA",6.4050508917945,-2.96962544100464,-2.19584419504794,1.0160420556455,0.0034696755322612,0.0362441508473446,"down"
"100507156","LOC100507156","ENSG00000253837","ncRNA",493.935127841834,1.71343448291413,1.33131970121752,0.586735780789386,0.00349713735029367,0.0364890749018012,"up"
"9625","AATK","ENSG00000181409","protein-coding",269.556728723615,-2.22301171532231,-1.69583357457061,0.761282872269796,0.00349934422435462,0.0364981334861532,"down"
"150696","PROM2","ENSG00000155066","protein-coding",168.296249666835,-1.73473034160913,-1.36951605236216,0.594827740140628,0.0035414445460609,0.0368385898908068,"down"
"442891","MIR135B","ENSG00000199059","ncRNA",35.7245810972375,-2.31394465203469,-1.74944089051773,0.793547999412517,0.00354609668537399,0.0368678703566244,"down"
"105374880","FOXF2-DT","ENSG00000281809","ncRNA",14.3317460274848,3.62090447670488,2.56257642107619,1.24224190722585,0.00355900241107049,0.0369648158992099,"up"
"79946","C10orf95","ENSG00000120055","protein-coding",33.3743163965805,-2.23138135765777,-1.69434349659335,0.765782442239867,0.00356992157437295,0.0370465509168825,"down"
"64714","PDIA2","ENSG00000185615","protein-coding",46.897855339106,-2.19175438468617,-1.67014653134619,0.752645220438235,0.0035904397001252,0.0371805902743244,"down"
"407044","MIR7-2","ENSG00000207703","ncRNA",6.10206936237489,-3.04046915633776,-2.22136544455376,1.04437803848446,0.00359959830655936,0.0372445723833148,"down"
"109617004","SNORA35B","ENSG00000271907","snoRNA",18.6358179677046,-2.13329564282651,-1.62587484917081,0.73331992280405,0.00362479348348655,0.0374342308840066,"down"
"101927917","TUB-AS1","ENSG00000248332","ncRNA",6.0241240066673,-3.30845376862145,-2.40389022344667,1.13960016788201,0.00369405278989607,0.0380342353714979,"down"
"286380","FOXD4L3","ENSG00000187559","protein-coding",10.4266863243141,-2.46638169140744,-1.83093484684571,0.850121967123568,0.00371725594191283,0.0382154095023798,"down"
"59352","LGR6","ENSG00000133067","protein-coding",18.7530931608079,3.14459727403257,2.23256741773997,1.08437729994072,0.00373269052953265,0.038330724895359,"up"
"100506930","LINC00665","ENSG00000232677","ncRNA",810.596839431591,-1.52739842577818,-1.22630340905283,0.52676984796764,0.00373692145496494,0.0383597238509654,"down"
"341640","FREM2","ENSG00000150893","protein-coding",4507.71983601434,1.51471107347914,1.2038192084323,0.522851575436758,0.00376726651173908,0.0385907894255213,"up"
"90249","UNC5A","ENSG00000113763","protein-coding",137.410644172519,-1.53303405277674,-1.23292177854436,0.529396140982396,0.00378173526009271,0.0386741298316458,"down"
"283867","LINC00922","ENSG00000261742","ncRNA",5.54806793724272,5.28723019697808,3.43754970535484,1.82618606692054,0.00378879814441397,0.0387318307496447,"up"
"343472","BARHL2","ENSG00000143032","protein-coding",120.679398828957,-2.46988512559944,-1.84842260623077,0.853572890846742,0.00380872022165868,0.0388312548614126,"down"
"92340","PRR29","ENSG00000224383","protein-coding",86.6304653207995,-1.6779126570528,-1.32482803859387,0.579860632468029,0.00380794581117085,0.0388312548614126,"down"
"285194","TUSC7","ENSG00000243197","ncRNA",17.7121490684528,-1.66993250202022,-1.31799038731865,0.577285413058545,0.00381905930487393,0.0389098777608681,"down"
"110806286","LINC02567","ENSG00000237552","ncRNA",19.9410116651363,3.1649187036899,2.20356724570481,1.09423798635499,0.00382372315522435,0.0389283002628965,"up"
"5322","PLA2G5","ENSG00000127472","protein-coding",4.80236778097184,-3.90011468017034,-2.81267270647796,1.34838860054592,0.00382278832281623,0.0389283002628965,"down"
"2701","GJA4","ENSG00000187513","protein-coding",486.426628231871,-2.43703983698562,-1.82226075199129,0.843418834937369,0.00385882489493113,0.0391626630412447,"down"
"54508","EPB41L4A-DT","ENSG00000278921","ncRNA",338.588066787185,-1.97086547321142,-1.51746695910138,0.682099940127316,0.00385967119981751,0.0391626630412447,"down"
"388963","C2orf81","ENSG00000284308","protein-coding",391.841131251951,-1.57442200207611,-1.25542840657421,0.545005670069879,0.00386693238412589,0.0392071567574594,"down"
"105375446","LOC105375446","ENSG00000298840","ncRNA",4.92515606711788,5.1166807907337,3.35412262293439,1.77260920527838,0.00389521797049304,0.0393622026491928,"up"
"101927196","FSIP2-AS2","ENSG00000226747","ncRNA",40.9554184403001,1.64620633838994,1.29168140322933,0.570504217667318,0.00390756734480717,0.0394054870825906,"up"
"285501","LINC01098","ENSG00000231171","ncRNA",6.54650764109923,5.53181573257196,0.594853169268427,1.91712151588316,0.00390817330807384,0.0394054870825906,"up"
"2250","FGF5","ENSG00000138675","protein-coding",17.2839824929518,3.77951413602657,2.49282439480049,1.31091069613085,0.00393756178241644,0.0396139056958679,"up"
"128178","EDARADD","ENSG00000186197","protein-coding",112.230486926216,1.69691340156554,1.3149493933743,0.588722230982777,0.00394699997665199,0.0396942114951825,"up"
"102724520","LOC102724520","ENSG00000299570","ncRNA",5.44081221134321,5.26742720381705,3.37834490828054,1.82823846264397,0.00396228428420841,0.0398020564960527,"up"
"3821","KLRC1","ENSG00000134545","protein-coding",5.30680205646748,5.22632138179626,3.36636890255939,1.81406308638998,0.00396411737222653,0.0398020564960527,"up"
"9762","LZTS3","ENSG00000088899","protein-coding",620.761018782969,-1.98482039642522,-1.5239904975228,0.689080369709782,0.00397183174514635,0.0398557308427199,"down"
"6753","SSTR3","ENSG00000278195","protein-coding",46.864641377926,-2.19823559998976,-1.65788931147929,0.764039468060695,0.00401319009585909,0.0401230710573899,"down"
"105376873","LOC105376873","ENSG00000299594","ncRNA",4.5367011116483,4.99459257611243,3.27769134526307,1.73604355456375,0.00401479062052079,0.0401243590461432,"up"
"120071","LARGE2","ENSG00000165905","protein-coding",62.3643280983579,-2.00144768809892,-1.5313545934148,0.696157412659875,0.00404036455808658,0.0403190508233287,"down"
"196047","EMX2OS","ENSG00000229847","ncRNA",4431.35776725516,-1.7325120086815,-1.35428079651646,0.602876660848473,0.00405640120454243,0.040436461587073,"down"
"134285","TMEM171","ENSG00000157111","protein-coding",5.91498908260382,5.36909822587169,0.735013126672361,1.86922797363885,0.00407416786089006,0.0405838920567433,"up"
"6570","SLC18A1","ENSG00000036565","protein-coding",26.8428396590026,-1.61889882778535,-1.2782872428142,0.563725424912005,0.00408159160138593,0.0406281538591405,"down"
"10599","SLCO1B1","ENSG00000134538","protein-coding",11.3611240999365,3.38016804725363,2.45735076939966,1.17728663374246,0.00408979724467958,0.0406949752112935,"up"
"1469","CST1","ENSG00000170373","protein-coding",6.84451733434846,5.58264975247565,0.535037424073006,1.9446792335464,0.00409524661812388,0.0407095729201292,"up"
"102465255","MIR6512","ENSG00000278418","ncRNA",9.75829546050922,-3.71104364135384,-2.6282147222898,1.2938151742244,0.00412690496097577,0.0409894123337135,"down"
"643965","TMEM88B","ENSG00000205116","protein-coding",18.291585571689,-3.77597750112139,-2.66217318697191,1.31686889578735,0.00413871857095805,0.0410768194825629,"down"
"84684","INSM2","ENSG00000168348","protein-coding",521.991567793197,-1.53425119414933,-1.22339941638981,0.535566822671689,0.00417372688597565,0.0413941396214042,"down"
"671","BPI","ENSG00000101425","protein-coding",8.25568935921798,4.36416879359709,3.1573976709998,1.52414890645779,0.00419189824342299,0.0415290384115859,"up"
"101927468","LOC101927468","ENSG00000227733","ncRNA",14.8998814473232,-1.95106893958775,-1.48543912248812,0.682214348346449,0.00423766534617425,0.0419367361154609,"down"
"339983","NAT8L","ENSG00000185818","protein-coding",1546.25578252698,-2.16525434341446,-1.63001351871545,0.75844195128273,0.00430542392336146,0.0425301006690315,"down"
"440508","CLEC4GP1","ENSG00000290088","pseudo",5.1434996686198,5.18196007857622,3.24665078483733,1.81512745812293,0.004305391419881,0.0425301006690315,"up"
"116496","NIBAN1","ENSG00000135842","protein-coding",400.377346737183,1.71096361242383,1.30822518603908,0.599926590874981,0.00434512577296609,0.0428446687429105,"up"
"120237","DBX1","ENSG00000109851","protein-coding",218.019169225594,-1.60697765134848,-1.2674164891916,0.563840171374353,0.0043711145176572,0.0430542146710282,"down"
"388759","LINC02897","ENSG00000221953","ncRNA",62.8045785971675,-1.54380113268299,-1.22483009557359,0.54183066399131,0.00438249444026866,0.0431351366135324,"down"
"100216001","MANCR","ENSG00000231298","ncRNA",4.64804197857174,5.02381663564095,3.17818749054657,1.76481028385529,0.00441803801078946,0.0434222740901816,"up"
"25759","SHC2","ENSG00000129946","protein-coding",668.120600404143,-1.56510192877759,-1.23904434056031,0.549972014293559,0.0044302141025039,0.0435105753928914,"down"
"7161","TP73","ENSG00000078900","protein-coding",343.988384129581,-1.85520737780572,-1.4276980771089,0.652155174250676,0.00444486570881607,0.0436356088261321,"down"
"105376834","LINC02596","ENSG00000233431","ncRNA",11.7496701093516,-2.99789137010422,-2.1337380142326,1.05387324404379,0.00444614588171196,0.0436356088261321,"down"
"1409","CRYAA","ENSG00000160202","protein-coding",5.34185849841871,5.22347762611373,0.891618804091593,1.83842100814345,0.00449321689522196,0.0440183490590483,"up"
"100874342","RNF216-IT1","ENSG00000237738","ncRNA",30.7586984673151,-1.84297591944728,-1.41264898750123,0.649307607863608,0.0045344436347104,0.0443266659221027,"down"
"285626","LOC285626","ENSG00000249738","ncRNA",25.3590319140891,-1.88743843511109,-1.44222185040367,0.666138026520314,0.00460550771206808,0.0448925857210669,"down"
"107075116","MIR3142HG","ENSG00000253522","ncRNA",15.5329183799594,3.74664900343991,2.4756318045214,1.32255888676528,0.00461308762067057,0.0449343411539701,"up"
"83483","PLVAP","ENSG00000130300","protein-coding",12.5975205313817,3.55294708073966,2.48822354468918,1.25573796978543,0.00466397738631079,0.0453217475372995,"up"
"116173","CMTM5","ENSG00000166091","protein-coding",6.82819784745049,-3.14552847769165,-2.20703629928143,1.11195111382401,0.00467174830660012,0.0453760405525991,"down"
"79822","ARHGAP28","ENSG00000088756","protein-coding",2335.67589517861,1.5005977876436,1.17864727364805,0.530863798087076,0.0047028957221092,0.0456298039030553,"up"
"379","ARL4D","ENSG00000175906","protein-coding",596.505228262289,-1.65463749647216,-1.29192605632526,0.585581167302758,0.00471872873411717,0.0457345965897514,"down"
"1003","CDH5","ENSG00000179776","protein-coding",153.603668987327,1.9610905725195,1.43987690229325,0.694368706444231,0.0047387197014891,0.0458705577775333,"up"
"55630","SLC39A4","ENSG00000147804","protein-coding",15.3715460721903,2.33849063182704,1.68632543255587,0.828010982133845,0.00473948654853695,0.0458705577775333,"up"
"105682749","CCEPR","ENSG00000308499","ncRNA",196.716334628619,-1.63431952597582,-1.27886789905867,0.578804537176708,0.00474858088410972,0.0459259699270548,"down"
"692091","SNORD23","ENSG00000221803","snoRNA",29.9375322424256,-2.43576179474103,-1.77669987214571,0.864025097821289,0.00481604846808975,0.0464918231536703,"down"
"1414","CRYBB1","ENSG00000100122","protein-coding",4.21229597129236,4.88926792888172,3.03641487317517,1.73555086626463,0.00484552983105722,0.0467429860535933,"up"
"338567","KCNK18","ENSG00000186795","protein-coding",8.52417926564071,4.47477522441001,3.23129017448366,1.58929861995834,0.00486913881266878,0.0469420794160543,"up"
"645426","TMEM191C","ENSG00000206140","protein-coding",35.886345001195,-1.9973023425986,-1.50184866478819,0.709563829757638,0.00488028742103045,0.0469935083122637,"down"
"100302129","MIR1915","ENSG00000222071","ncRNA",27.0823262213816,-2.38511996141241,-1.74127731742981,0.847396475224221,0.00488311950630002,0.0469935083122637,"down"
"102723663","LOC102723663","ENSG00000285906","ncRNA",6.64132282754798,5.53735000915936,0.488508451332269,1.96741338020606,0.00488481523463011,0.0469935083122637,"up"
"677781","SCARNA16","ENSG00000275143","ncRNA",56.6867741650171,-1.51485005011738,-1.19670812127635,0.53849140954221,0.00490607603838997,0.0471481343357999,"down"
"100359394","LINC00102","ENSG00000230542","ncRNA",46.4625780435936,-2.08417680641158,-1.55620303992262,0.741256677711843,0.00492834591606275,0.0472788258464233,"down"
"132243","H1-8","ENSG00000178804","protein-coding",15.6905459854365,2.36708192074407,1.69166468707351,0.841956227430378,0.00493252952111604,0.0472901187726154,"up"
"284359","IZUMO1","ENSG00000182264","protein-coding",8.33852852328314,-2.88205599788658,-2.04697056307639,1.02518152906569,0.00493472666916413,0.0472901187726154,"down"
"9573","GDF3","ENSG00000184344","protein-coding",5.19108494159265,5.1821334049759,0.803177105820866,1.84330542988532,0.00493376915577903,0.0472901187726154,"up"
"163732","CITED4","ENSG00000179862","protein-coding",281.821431509822,-1.78944082281536,-1.37384215800877,0.636691125886763,0.00494596608019108,0.0473479000036269,"down"
"56979","PRDM9","ENSG00000164256","protein-coding",4.19010794187738,4.88276103774055,3.00245326340177,1.73837742572277,0.00497259482409354,0.047552727212938,"up"
"221527","ZBTB12","ENSG00000204366","protein-coding",1262.82960466953,-1.94684602664287,-1.47238292060766,0.694159421312608,0.00503775908391415,0.048024287994348,"down"
"100874111","STEAP3-AS1","ENSG00000229867","ncRNA",35.1355392479093,2.72297883044559,1.82165511211119,0.972238130836431,0.00509867803931056,0.0484863474237053,"up"
"730668","LOC730668","ENSG00000280424","pseudo",41.7434249784513,-1.86567836127955,-1.41500175135347,0.666433360567659,0.005118225226383,0.0486383034409572,"down"
"10863","ADAM28","ENSG00000042980","protein-coding",27.8713958651663,1.56162127141564,1.2184975450957,0.557893163621847,0.00512388591240442,0.0486751308417401,"up"
"127254","ERICH3","ENSG00000178965","protein-coding",13.1852653032817,-2.36339454975122,-1.72124886364801,0.844622374642513,0.00513935152099168,0.048771068523605,"down"
"105375564","ZNF775-AS1","ENSG00000239377","ncRNA",184.962740588302,-1.82031734347963,-1.38778579964499,0.651378919464787,0.00519704277862876,0.0491477290510303,"down"
"168544","ZNF467","ENSG00000181444","protein-coding",350.689690556606,-1.71010115746199,-1.31737049933032,0.612734944256614,0.00525566202142741,0.0495471539945356,"down"
"257240","KLHL34","ENSG00000185915","protein-coding",24.817659765536,-1.79460121705519,-1.36435000582792,0.643158489222633,0.00526602133871338,0.0496276549528799,"down"
"5874","RAB27B","ENSG00000041353","protein-coding",246.995266931861,1.50722331487614,1.17136326152201,0.540215012536991,0.00527009812818396,0.0496489133955796,"up"
